name,address,place_id,rating,reviews,price_level,website,arrondissement
Le Petit Bouillon Pharamond,"24 Rue de la Grande Truanderie, 75001 Paris, France",ChIJRcSln6lv5kcRlLWcSVj4QGE,4.2,5331,2,http://www.petitbouillonpharamond.com/,01
Brasserie de la Bourse,"27 Rue Jean-Jacques Rousseau, 75001 Paris, France",ChIJLTXauyNu5kcRfE2jvCNL1Is,4.4,676,2,http://www.brasseriedelabourseparis.com/,01
Brasserie Flottes,"2 Rue Cambon, 75001 Paris, France",ChIJDeI4Jx9v5kcRItEpEe0E6jo,4.5,1454,2,http://brasserieflottes.fr/fr,01
Brasserie du Louvre - Bocuse,"Place André Malraux, Paris, Île-de-France, France, 75001, 75001 Paris, France",ChIJUZFuuSVu5kcRfY5Fd2TUlRQ,4.1,656,3,https://www.hyattrestaurants.com/en/dining/france/paris/french-restaurant-in-avenue-de-l-opera-brasserie-du-louvre,01
Brasserie l'Émil,"55 Rue Saint-Roch, 75001 Paris, France",ChIJ_xOkpDpv5kcRk_YSe4UrbkI,4.3,142,N/A,https://www.chateauvoltaire.com/restaurant,01
LE CHOUBICHOU PARIS CHÂTELET,"5 Rue Mondétour, 75001 Paris, France",ChIJF50yHBlu5kcRgd3blpdh-WM,4.3,1119,3,https://www.privateaser.com/lieu/49884-choubichou,01
Au Pied de Cochon,"6 Rue Coquillière, 75001 Paris, France",ChIJQQtKZyJu5kcRhXhHvOUt3To,4.3,15586,3,https://www.pieddecochon.com//?utm_source=Google&utm_medium=GMB&utm_campaign=PDC&y_source=1_MTE2NjUxNzQtNzE1LWxvY2F0aW9uLndlYnNpdGU%3D,01
French Beer Brasserie,"Le Carroussel du Louvre, 99 Rue de Rivoli, 75001 Paris, France",ChIJRcLNn2pv5kcRN2u1lYNevik,4.6,292,N/A,https://foodcourtrivoli.fr/fr/restaurant-french-beer-brasserie/,01
Le Café Plume,"164 Rue Saint-Honoré, 75001 Paris, France",ChIJuU7q9iNu5kcRCujrCnNpmTU,4.2,1627,2,http://www.cafeplume-paris.fr/,01
Café Joséphine,"3 Pl. des Deux Ecus, 75001 Paris, France",ChIJdd2yjVhv5kcR40Ab9Db4mBI,4.3,880,N/A,http://www.cafe-josephineparis.fr/,01
Le Reynou,"2 Quai de la Mégisserie, 75001 Paris, France",ChIJDTlxlR9u5kcRc_oRpz4I1-I,4.5,217,1,https://www.facebook.com/Le-Reynou-1560153544244921/,01
Loup,"44, rue du Louvre Angle, Rue Coquillière, 75001 Paris, France",ChIJI5p2_CJu5kcRgjL-oQSVlnE,4.2,1868,2,http://loup-paris.com/,01
Bistrot Victoires,"6 Rue de la Vrillière, 75001 Paris, France",ChIJpds8WyNu5kcR2FQvBHJLGZs,4.4,5581,1,http://www.paris-bistro.com/choisir/paris1/bistrot-des-victoires,01
Le Baltard,"9 Rue Coquillière, 75001 Paris, France",ChIJKSjlUyJu5kcR0vuxtfcCnwY,4.1,1084,2,https://lebaltard.com/,01
Chouchou,"23 Bd de Sébastopol, 75001 Paris, France",ChIJHwzjqZJv5kcRCir2RjPAaKE,4.6,8270,2,http://www.restaurantchouchouparis.fr/,01
Au Vieux Comptoir,"17 Rue des Lavandières Sainte-Opportune, 75001 Paris, France",ChIJgVHLCh9u5kcRTdrNgGB0JoI,4.6,853,3,https://www.au-vieux-comptoir.com/,01
Bistrot Valois,"1 Pl. de Valois, 75001 Paris, France",ChIJU8FNZiRu5kcRIEum9ZJ7ymA,3.9,595,2,https://bistrot-valois-paris.com/fr,01
Café de la Régence,"167 Rue Saint-Honoré, 75001 Paris, France",ChIJtRRWgyVu5kcRtlep_4vBrdo,4.3,3238,2,https://menuonline.fr/cafedelaregencebis/coordonnees,01
Au Chien Qui Fume‎‎,"33 Rue du Pont Neuf, 75001 Paris, France",ChIJ9UCeqhhu5kcRqy9I3duxap0,4,2500,2,https://www.auchienquifume.com/,01
Bistro les Artizans,"30 Rue Montorgueil, 75001 Paris, France",ChIJ_5qDXxhu5kcRiJhbIQOAZr4,4.4,1259,2,http://www.lesartizans.fr/,01
La Rotonde St Honoré,"10 Rue des Pyramides, 75001 Paris, France",ChIJDTYHkS9u5kcRpwI5ndM1rM8,4.1,1513,2,http://www.larotondesthonore.com/,01
Le Zimmer,"1 Pl. du Châtelet, 75001 Paris, France",ChIJI5HJsx9u5kcRJl41efCbOAw,4.1,1599,3,http://www.lezimmer.com/,01
Le Nelson's - Louvre,"16 Rue Coquillière, 75001 Paris, France",ChIJl806WCJu5kcRj9u3cONSIhc,4.2,3553,2,https://nelsons.fr/,01
Le Nemours,"2 à 7 Galerie de Nemours, 2 Place Colette, 75001 Paris, France",ChIJvYAMtCVu5kcRmAVmbFzjizg,4,1957,2,http://www.lenemours.paris/,01
Le Fumoir,"6 Rue de l'Amiral de Coligny, 75001 Paris, France",ChIJw8kRaSFu5kcRFhLvX5DjiWY,4.4,3999,2,http://www.lefumoir.com/,01
Le Zinc d'Honoré,"36 Pl. du Marché Saint-Honoré, 75001 Paris, France",ChIJV5rNPDBu5kcRneM-vQuZnxI,4.2,1339,2,N/A,01
Au Vieux Châtelet,"1 Pl. du Châtelet, 75001 Paris, France",ChIJI5HJsx9u5kcRiyZiycswBgA,3.8,1143,2,N/A,01
Le Royal,"250 Rue Saint-Honoré, 75001 Paris, France",ChIJM7ZmmyVu5kcRufBOsBQN_34,3.9,1584,2,N/A,01
LE PASSAGE SAINT HONORÉ,"33 Pl. du Marché Saint-Honoré, 75001 Paris, France",ChIJOe9rw7hv5kcR09_vDpvFrek,4.2,1465,2,https://lepassagesainthonore.fr/fr,01
La Fresque,"100 Rue Rambuteau, 75001 Paris, France",ChIJS9BDHxlu5kcRV8z7tYkG2PQ,4.4,1723,2,http://lafresqueparis.com/,01
Carpe Diem Café - Paris,"21 Rue des Halles, 75001 Paris, France",ChIJK5lZTx9u5kcRmu-l8JsycNg,4.4,1100,2,https://carpediem-cafe-paris.fr/,01
Le Relais du Louvre,"3 Rue du Louvre, 75001 Paris, France",ChIJlyYq1yNu5kcRS6_g26rTKGQ,4.6,984,2,https://lerelaisdulouvre.com/,01
La Robe et Le Palais,"13 Rue des Lavandières Sainte-Opportune, 75001 Paris, France",ChIJa1dSnh9u5kcRg_jbgJoRQBU,4.5,951,2,https://www.robeetlepalais.fr/,01
CAFE SAINT HONORÉ,"194 Rue Saint-Honoré, 75001 Paris, France",ChIJWe6kaiRu5kcRH_SM6yU7UYo,4.4,1862,2,https://cafe-saint-ho.fr/,01
L'Imprimerie,"29 Rue Coquillière, 75001 Paris, France",ChIJReCEBiNu5kcRJIqTLjLS01Y,3.9,341,2,http://cafelimprimerie.fr/,01
Au Bistro,"8 Rue du Marché Saint-Honoré, 75001 Paris, France",ChIJIfLv0i9u5kcR_Mw1tnH7mJs,4.4,237,2,http://www.aubistroparis.fr/,01
Brasserie Maison Rouge,"12 Rue de la Ferronnerie, 75001 Paris, France",ChIJM_sjOx9u5kcRsopdBvqxIWM,4.1,1703,2,https://www.brasserie-maisonrouge.fr/,01
Le Willi's Wine Bar,"13 Rue des Petits Champs, 75001 Paris, France",ChIJ9547tSRu5kcR60feMqgFLEk,4.3,588,2,http://www.williswinebar.com/,01
Au Terminus du Châtelet,"5 Rue des Lavandières Sainte-Opportune, 75001 Paris, France",ChIJvRsMmR9u5kcRybtiNZG2S7o,4.6,908,2,https://www.auterminusduchatelet.com/,01
Bistrot du Jardin,"33 Rue Berger, 75001 Paris, France",ChIJMS35GiJu5kcRNFJH5Orj-3A,4.1,782,2,https://bistrot-du-jardin.fr/,01
Brasserie Dubillot,"222 Rue St Denis, 75002 Paris, France",ChIJBy2KU1Fv5kcRPeBADiR3WzM,4.6,6637,2,https://nouvellegardegroupe.com/,02
Vaudeville,"29 Rue Vivienne, 75002 Paris, France",ChIJ0aVfcDBu5kcR2WJYeZ56XxI,4.4,3445,2,https://www.vaudevilleparis.com//?utm_source=Google&utm_medium=GMB&utm_campaign=VAU&y_source=1_MTE2NjUxODktNzE1LWxvY2F0aW9uLndlYnNpdGU%3D,02
Le Grand Colbert,"2 Rue Vivienne, 75002 Paris, France",ChIJpbKdWjtu5kcRQDSu42z_j_A,4.2,2755,3,http://www.legrandcolbert.fr/,02
Brasserie Rosie Lou,"31 Bd de Bonne Nouvelle, 75002 Paris, France",ChIJE0OZV5Bv5kcRO85oMBPnrt8,4.7,2134,2,http://brasseriesalamode.com/,02
L’Empire,"108 Rue Réaumur, 75002 Paris, France",ChIJg-LMvxdu5kcR9r_8nQPVWdk,4.5,576,N/A,https://www.lempirebrasserie.com/,02
Comme un Bouillon,"17 Rue de Choiseul, 75002 Paris, France",ChIJq0eNOGtv5kcRsZyscimIuoI,4.5,1128,1,http://www.commeunbouillon.com/,02
Le Mesturet,"77 Rue de Richelieu, 75002 Paris, France",ChIJrZ7wnztu5kcRY2YMou4gGgs,4.4,2863,2,https://www.lemesturet.com/?utm_source=gmb,02
Brasserie les Petits Carreaux,"17 Rue des Petits Carreaux, 75002 Paris, France",ChIJ04XikBdu5kcRkaY1wsg9qoY,4.2,1048,2,http://www.brasserielespetitscarreaux.com/,02
"L'Entente, Le British Brasserie","13 Rue Monsigny, 75002 Paris, France",ChIJrW2cYTpu5kcRJmiR0ES-zIs,4.3,1401,2,https://lentente.paris/,02
Capitole Café,"105 Bd de Sébastopol, 75002 Paris, France",ChIJz-VSnhBu5kcRl_8HHRfTPOY,4.3,1936,2,https://lecapitolecafe.wixsite.com/info,02
Bar restaurant brasserie le sentier,"97 Rue Réaumur, 75002 Paris, France",ChIJM_633xdu5kcR030T5I8cjj8,4.2,180,N/A,https://www.privateaser.com/lieu/40536-le-sentier,02
Le Fief,"97 Rue Montmartre, 75002 Paris, France",ChIJtwAnuahv5kcRfstdlxJAIV0,4.5,264,N/A,https://www.lefiefbrasserie.fr/,02
Restaurant Clémentine - Bistrot Terrasse Paris 2,"5 Rue Saint-Marc, 75002 Paris, France",ChIJ373fPjxu5kcRwElpMLj9JfU,4.7,491,2,https://www.restaurantclementine.com/,02
Brasserie Madeleine,"39 Bd de Bonne Nouvelle, 75002 Paris, France",ChIJAVnGZBZu5kcRJx2XzUJ_XYM,3.5,643,2,http://www.brasseriemadeleine.fr/,02
BRASSERIE LE TAMBOUR,"41 Rue Montmartre, 75002 Paris, France",ChIJO1gvpCJu5kcRPD3aJQKITbc,4,1973,2,https://menuonline.fr/letambour,02
Public House Paris,"21 Rue Daunou, 75002 Paris, France",ChIJpZfi4plv5kcRyh_s6_A8QeQ,4.5,1759,2,https://www.publichouseparis.fr/,02
Gallopin,"40 Rue Notre Dame des Victoires, 75002 Paris, France",ChIJyW6wknNv5kcRTdWzsViISUg,4.1,938,N/A,https://gallopin.com/,02
Bistrot Gisèle,"204 Rue St Denis, 75002 Paris, France",ChIJjRACuBBu5kcRjykVvAb7GuM,4.4,217,N/A,https://www.bistrotgisele.com/,02
La cantine des Pieds Nickelés,"120 Rue St Denis, 75002 Paris, France",ChIJHdeFjhlu5kcRlpMTb5Z7UGI,4.5,371,2,https://www.privateaser.com/lieu/2597-les-pieds-nickeles-bar,02
Le Bistrot du Croissant,"146 Rue Montmartre, 75002 Paris, France",ChIJga0srz1u5kcRm7mXLvbURY8,4.1,724,1,http://www.bistrotducroissant.fr/,02
Le Sancerre,"87 Rue des Archives, 75003 Paris, France",ChIJG7vRzQVu5kcRZaktJ1pxfoo,4.2,1041,2,http://lesancerre3.com/,03
Brasserie Royal Turenne Paris,"24 Rue de Turenne, 75003 Paris, France",ChIJBYLxMQBu5kcR_jMhtvwyx9Q,4,711,2,https://royalturenne.fr/,03
L'Adresse,"60 R. de Turbigo, 75003 Paris, France",ChIJ_SJMYgVu5kcRLzswyZK4qFc,4.2,580,2,http://www.brasserie-ladresse.fr/,03
Bistrotier du Coin,"21 Rue Réaumur, 75003 Paris, France",ChIJES15TwVu5kcRZLONVxK0O78,4.3,331,1,N/A,03
Le Parisien Saint-Martin,"337 Rue Saint-Martin, 75003 Paris, France",ChIJNVJPRhBu5kcRcAZotrvhGxI,4.5,446,N/A,https://leparisiensaintmartin.fr/,03
Café des Arts et Métiers,"51 R. de Turbigo, 75003 Paris, France",ChIJQWzevBpu5kcR7vM4bjz4Chg,3.6,1937,2,https://ambre43.wixsite.com/my-site-2,03
Le Progrès Marais,"1 Rue de Bretagne, 75003 Paris, France",ChIJUTSf3wZu5kcRxi4TAJosukM,4.1,1113,2,https://www.leprogresmarais.fr/,03
Balou Paris 3,"9-11 Rue aux Ours, 75003 Paris, France",ChIJeWycGJNv5kcRUfNFr8VBbMc,4.7,2664,2,https://www.brasseriebalou.fr/,03
Café Mélia.,"39 Rue Beaubourg, 75003 Paris, France",ChIJF2j93L9v5kcRCR7NtIp3_30,4.9,204,N/A,https://www.privateaser.com/lieu/72-cafe-melia-ex-le-trente-neuf-paris,03
Les Chartrons,"2 Rue au Maire, 75003 Paris, France",ChIJo8EpzExv5kcRUmdn_P6qd1c,4.7,203,N/A,N/A,03
Café Léonard,"57 R. de Turbigo, 75003 Paris, France",ChIJ65l3VAVu5kcR49Z5gr7_gL8,4.1,512,2,https://www.privateaser.com/lieu/11978-cafe-leonard,03
Au Grand Turenne,"27 Bd du Temple, 75003 Paris, France",ChIJvT_X0Qdu5kcRUxCWZdehYPE,4.1,200,2,N/A,03
Le JOÜY,"10 Rue Montgolfier, 75003 Paris, France",ChIJf71uEelv5kcRH7g2q0_PQOI,4.9,472,N/A,http://www.lejouyparis.fr/,03
Sacré Frenchy !,"58 Bd de Sébastopol, 75003 Paris, France",ChIJTdiHcqxv5kcRVgEUqDEcnbY,4.6,1452,2,https://www.sacrefrenchy.com/,03
Brasserie Rosie Lou,"31 Bd de Bonne Nouvelle, 75002 Paris, France",ChIJE0OZV5Bv5kcRO85oMBPnrt8,4.7,2134,2,http://brasseriesalamode.com/,02
Café Mignon,"77 Bd Beaumarchais, 75003 Paris, France",ChIJ8ZL6LP5t5kcRAaNscKgZbck,4.5,418,2,N/A,03
Parcelles,"13 Rue Chapon, 75003 Paris, France",ChIJ03vIR11v5kcRk5QReT9ivac,4.5,342,N/A,https://www.parcelles-paris.fr/,03
Le MaZenay,"46 Rue de Montmorency, 75003 Paris, France",ChIJvbCbVRpu5kcRfMWl3JeGW4s,4.6,495,3,http://www.lemazenay.com/,03
Café du Marché des Enfants Rouges,"37 Rue de Bretagne, 75003 Paris, France",ChIJkaCK1VBv5kcR3fbLARdzbsw,4,355,2,https://wiicmenu-qrcode.com/app/offre.php?resto=870,03
Cafe Georgette Paris,"202 Rue Saint-Martin, 75003 Paris, France",ChIJacrxZmVv5kcRXHF1elZ9404,4.1,347,N/A,https://hotelgeorgette.com/fr/page/restaurant-paris-3eme-arrondissement.21036.html,03
Bofinger,"5-7 Rue de la Bastille, 75004 Paris, France",ChIJuYqiNwBy5kcRBjo0Df8Wpkc,4.3,9003,2,https://www.bofingerparis.com/?utm_source=Google&utm_medium=GMB&utm_campaign=BOF&y_source=1_MTE2NjUxODEtNzE1LWxvY2F0aW9uLndlYnNpdGU%3D,04
Le Ju',"16 Rue des Archives, 75004 Paris, France",ChIJ62uOOx1u5kcRhQssBujerII,4.8,12485,2,https://www.instagram.com/leju_restaurant/,04
Grande Brasserie,"6 Rue de la Bastille, 75004 Paris, France",ChIJ-2gmGJxz5kcR4TeT2GHQ59Y,4.4,827,N/A,http://www.grandebrasserie.fr/,04
L'hirondelle - Paris 4,"42 Bd Henri IV, 75004 Paris, France",ChIJbx5jVqtz5kcRs9WcfbHolZ0,4.7,391,N/A,https://wiicmenu-qrcode.com/app/offre.php?resto=1440,04
Au Bourguignon du Marais,"52 Rue François Miron, 75004 Paris, France",ChIJY2oZZf1x5kcRZTsJlVMjTOg,4.6,2939,2,http://aubourguignondumarais.fr/?utm_source=gmb,04
Les Deux Palais,"3 Bd du Palais, 75004 Paris, France",ChIJIVhOliRu5kcRnyj3wbCBrmk,4.4,3034,2,https://www.brasserielesdeuxpalais.fr/,04
L'Alsacien Châtelet - Restaurant / Bar à Flammekueches,"6 Rue Saint-Bon, 75004 Paris, France",ChIJu_io1h1u5kcRV737GjvtdwE,4.6,2865,2,https://www.lalsacien.com/restaurant-alsacien-paris/,04
Les Fous de l'Ile,"33 Rue des Deux Ponts, 75004 Paris, France",ChIJRVHK6vxx5kcRuRbWm20W4NI,4.3,1498,2,https://lesfous.paris/,04
Paris Beaubourg,"23 rue saint merri, 12 Rue Brisemiche, 75004 Paris, France",ChIJ5cCBKkhv5kcRi87pu-J_fSc,4.3,974,N/A,https://parisbeaubourg.fr/,04
Le Saint-Regis - Paris,"6 Rue Jean du Bellay, 75004 Paris, France",ChIJ7ayOGeNx5kcReHHR9KTXiz0,4.4,2375,2,http://www.lesaintregis-paris.com/,04
Chez Mademoiselle,"16 Rue Charlemagne, 75004 Paris, France",ChIJQbXTwP1x5kcRr7XXex7JA2A,4.6,1226,2,http://chezmademoiselleparis.fr/fr,04
Le Beef Burger Steakhouse Archives,"15 Rue des Archives, 75004 Paris, France",ChIJK28Fg95v5kcRillgKZjRyd4,4.5,178,N/A,https://beef.fr/,04
Le Trésor,"9 Rue du Trésor, 75004 Paris, France",ChIJAZAKkwJu5kcRh8LXJESMNeI,4.1,1880,2,http://www.restaurantletresor.com/,04
Le Trumilou,"84 Quai de l'Hôtel de ville, 75004 Paris, France",ChIJQRaGlOJx5kcRlkk2qr32zWg,4.4,930,2,https://www.letrumilou.fr/,04
Le Rempart Bastille,"15 Rue Saint-Antoine, 75004 Paris, France",ChIJDf4jgf9x5kcRB6AIVMypZS4,4.7,3179,1,https://www.lerempartbastille.fr/,04
Terrasse Sainte Catherine,"7 Rue Caron, 75004 Paris, France",ChIJS86cIf5x5kcRhk-2biwJHmw,4.3,725,2,https://www.privateaser.com/lieu/52305-terrasse-sainte-catherine,04
Bistrot Marguerite,"1 Pl. de l'Hôtel de Ville, 75004 Paris, France",ChIJVccn-R1u5kcRF9FsB_tpRpk,4.1,2427,2,https://restaurant.digityser.com/83,04
Le Petit Marcel,"65 Rue Rambuteau, 75004 Paris, France",ChIJ_0Wm5Btu5kcRIRhQosDYhYw,4.1,1419,2,https://lepetitmarcelparis.fr/,04
GrandCœur,"41 Rue du Temple, 75004 Paris, France",ChIJkUOQ9Bxu5kcRWHpBtoWl0iA,4.4,1541,3,http://www.grandcoeur.paris/,04
Le Sully,"6 Bd Henri IV, 75004 Paris, France",ChIJY5oZS_lx5kcRii4lQU3PQn4,4.1,392,2,http://www.lesully.com/,04
Bistrot La Grange - Restaurant Paris 5,"17 Rue Lagrange, 75005 Paris, France",ChIJSXaotuZx5kcRdYvJCOtJjCY,4.6,356,2,https://bistrot-la-grange.fr/,05
Bistro des lettres,"52 Bd Saint-Germain, 75005 Paris, France",ChIJI7jEef5x5kcRkWRFsJD96So,4.8,1178,N/A,http://www.bistrodeslettres.com/,05
Le Balzar,"49 Rue des Écoles, 75005 Paris, France",ChIJW-zV8t1x5kcRVQ2AiWJWpXw,4.1,678,2,http://www.brasseriebalzar.com/?utm_source=Google&utm_medium=GMB&utm_campaign=brasserie002,05
Brasserie Le Quartier Général,"82 Bd Saint-Germain, 75005 Paris, France",ChIJay8JMudx5kcRkdMl7OdFdRk,4.2,1416,2,https://www.cafelequartiergeneral.com/,05
Le Bistrot Du Perigord,"71 Rue Saint-Jacques, 75005 Paris, France",ChIJG0s2Fedx5kcRY6Su2Sva7K8,4.6,915,2,https://www.lebistroduperigord.fr/,05
Celina Brasserie Paris 5ème,"77 Rue Claude Bernard, 75005 Paris, France",ChIJkb4-HHBx5kcRuwzpQpfFjBU,4.6,211,N/A,https://www.privateaser.com/lieu/47662-brasserie-celina,05
Au Moulin à Vent,"20 Rue des Fossés Saint-Bernard, 75005 Paris, France",ChIJO9_c1eRx5kcRHOOxQmeood4,4.7,956,2,https://www.au-moulinavent.com/,05
Le Duo D & S,"3 Rue des Feuillantines, 75005 Paris, France",ChIJx1X8AcJx5kcRivskBjqpVrA,4.8,397,1,https://www.leduods.fr/,05
L'Orée du Parc,"9 Rue de l'Abbé de l'Épée, 75005 Paris, France",ChIJF4ynYVVx5kcRijph_r5r-bU,4.4,143,N/A,https://www.instagram.com/brasserie.loree.du.parc/,05
Chez Jeannette Paris,"263 Rue Saint-Jacques, 75005 Paris, France",ChIJ9yWe1sVx5kcRJgWF0JBR0VU,4.8,49,N/A,N/A,05
La Petite Périgourdine,"39 Rue des Écoles, 75005 Paris, France",ChIJUyq75EZx5kcRM8tHPzSrDbk,4.3,1158,2,https://www.restaurantlapetiteperigourdine.com/,05
Au Petit Bistrot,"89 Rue Mouffetard, 75005 Paris, France",ChIJEQ7wuu5x5kcRA1UJYfRTybA,4.4,890,2,https://www.wiictechnology.com/WiiC_clouds/offre.php?resto=529,05
La Petite,"53 Rue Lacépède, 75005 Paris, France",ChIJexdqMO9x5kcR-5F9JAfALbI,4.6,1158,N/A,https://lapetite.mimohca.com/,05
Le Vieux Bistrot,"54 Rue Mouffetard, 75005 Paris, France",ChIJCTXT1u5x5kcRl6466_sFOXc,4.6,1647,2,https://levieuxbistrot-paris.fr/,05
Bistrot du Marché,"75bis Rue Monge, 75005 Paris, France",ChIJdTniUO5x5kcRU8DY1WyeUHY,4.1,559,2,N/A,05
Le Café Parisien - monge,"111 Rue Monge, 75005 Paris, France",ChIJzfshNexx5kcRad-zV1fVock,4.5,716,2,N/A,05
Café Restaurant Jules,"119 bis Rue Monge, 75005 Paris, France",ChIJc_aNNwBx5kcRuGMhYHbNvxk,5,129,N/A,https://www.caferestaurantjules.fr/,05
Au Bon Coin,"21 Rue de la Collégiale, 75005 Paris, France",ChIJr9UiBO1x5kcR44kL6JMcmww,4.5,892,2,http://www.auboncoin-bistrot.com/,05
MONK La Taverne de Cluny,"51 Rue de la Harpe, 75005 Paris, France",ChIJ18XBA95x5kcR-01xNPx_X10,4.4,1496,2,https://monklatavernedecluny.com/,05
Les Baux de Paris,"71 Rue Mouffetard, 75005 Paris, France",ChIJU8BNx-5x5kcRNSC_roNvBRs,4.6,1177,2,https://www.instagram.com/lesbaux_paris/,05
Brasserie Des Prés,"6 Cr du Commerce Saint-André, 75006 Paris, France",ChIJm_Si8glx5kcRd7Uq3X0ww6k,4.7,3259,2,http://lanouvellegarde.com/,06
Vagenende,"142 Bd Saint-Germain, 75006 Paris, France",ChIJjec9PNlx5kcREopbHGKZZ68,4.3,1555,2,http://www.vagenende.com/,06
Le Paris Paris,"8 Rue de Montfaucon, 75006 Paris, France",ChIJ77pfIr1x5kcRzLuURgOtMqg,4.4,825,2,http://www.leparisparis.fr/,06
Brasserie Lutetia,"43 Bd Raspail, 75006 Paris, France",ChIJOz7If5hx5kcRJ27muAb4VHY,4.3,725,N/A,https://www.hotellutetia.com/fr/eat-drink/brasserie/,06
O'Neil,"20 Rue des Canettes, 75006 Paris, France",ChIJ-4wd8dlx5kcRpL6wEprqxLc,4.3,1647,2,https://www.brasserieoneil.com/,06
Brasserie des Arts,"28 Rue Saint-André des Arts, 75006 Paris, France",ChIJ-Wjoti9x5kcRok1nIizw4wg,4.5,616,N/A,http://brasserie-des-arts.com/,06
Le Choupinet,"58 Bd Saint-Michel, 75006 Paris, France",ChIJBaN9AwBx5kcRiSRrpHFLFbo,4.3,2861,2,http://www.lechoupinet.com/,06
Le Nesle - Brasserie Restaurant,"22 Rue Dauphine, 75006 Paris, France",ChIJm5z0R99x5kcRUiesq8mFlEA,4.4,1026,2,https://brasserielenesle.fr/,06
Brasserie Lipp,"151 Bd Saint-Germain, 75006 Paris, France",ChIJg3Rfgtdx5kcRQrfAZLTsDTw,4.1,5060,3,https://www.brasserielipp.fr/?utm_source=Google&utm_medium=GMB&utm_campaign=LI&y_source=1_MTE2NjUxNzEtNzE1LWxvY2F0aW9uLndlYnNpdGU%3D,06
Chez Fernand,"13 Rue Guisarde, 75006 Paris, France",ChIJ-1qyjdlx5kcRMX6oCe8oXzg,4.5,1289,2,http://www.chezfernand-guisarde.com/,06
La Diva des Prés,"79 Rue de Seine, 75006 Paris, France",ChIJFxCm1Ylx5kcR3zje0Un7i10,4.3,1948,N/A,https://www.ladivadespres.com/?utm_source=Google-Map&utm_medium=Fiche,06
CAMILA,"5 Rue Mabillon, 75006 Paris, France",ChIJ-bF0VAhu5kcRg7-tToTSzy0,4.4,1150,2,https://www.instagram.com/camilarestaurantparis/?hl=fr,06
Le Bistro des Augustins,"39 Quai des Grands Augustins, 75006 Paris, France",ChIJ4zpdo99x5kcRn-0vKiMMPhU,4.4,1994,1,https://www.facebook.com/pages/Bistrot-Des-Augustins/106726426061804,06
Côté Saint-Germain,"150 Bd Saint-Germain, 75006 Paris, France",ChIJM9Qy8C1x5kcRIkFzKs6oBYQ,4.5,392,N/A,http://cote-saint-germain-restaurant-paris.eatbu.com/,06
Les insouciants saint-Germain,"116 Bd Saint-Germain, 75006 Paris, France",ChIJD-hewrVx5kcRs8mVqOTz3B0,4.6,1169,N/A,https://www.privateaser.com/lieu/40409-les-insouciants,06
Le Hibou,"16 Carr de l'Odéon, 75006 Paris, France",ChIJcdW-rN5x5kcRBFdxGa1YqaE,3.9,2735,2,http://lehibou-paris.com/,06
Au Vieux Colombier,"65 Rue de Rennes, 75006 Paris, France",ChIJ1V3sNddx5kcRIDSs0iZW-Qo,4.1,821,2,http://auvieuxcolombier.fr/,06
"Huguette, Bistro de la mer","81 Rue de Seine, 75006 Paris, France",ChIJZ6UXGNlx5kcRkussL8qcmrI,4.4,2114,N/A,http://www.huguette-bistro.com/,06
The Moose,"16 Rue des Quatre Vents, 75006 Paris, France",ChIJN1e5UNlx5kcRik_KAqtw33g,4.4,3180,2,https://www.mooseparis.com/,06
Le Petit Vatel,"5 Rue Lobineau, 75006 Paris, France",ChIJxxqLZNlx5kcRwh561heIdfI,4.6,281,1,N/A,06
La Terrasse du 7ᵉ,"2 Pl. de l'École Militaire, 75007 Paris, France",ChIJVSYy3CZw5kcRgGfNwyyALUU,4.1,3419,3,https://www.laterrassedu7.com/,07
La Fontaine de Mars,"129 Rue Saint-Dominique, 75007 Paris, France",ChIJ_dBPoN9v5kcRt2CYxV1xzrM,4.4,2092,3,https://www.fontaine-de-mars.com/,07
Au Canon des Invalides,"54 Rue Saint-Dominique, 75007 Paris, France",ChIJ1dH4yNlv5kcR5FwibHpyH4g,4.3,1104,2,https://au-canon-des-invalides.fr/,07
Les Antiquaires,"13 Rue du Bac, 75007 Paris, France",ChIJ6ZOtmylu5kcRzJA4aL1ZYLI,4.4,5489,2,http://lesantiquaires.net/,07
Brasserie des Ministères,"43 Rue Vaneau, 75007 Paris, France",ChIJ110igixw5kcRGfci3dhj2Jw,4.3,151,2,https://diaro.eatbu.com/,07
Le Bourbon,"1 Pl. du Palais Bourbon, 75007 Paris, France",ChIJJwPbZ9Rv5kcREMRrnxugdmU,4.3,2016,2,https://www.brasserie-bourbon.fr/,07
Bistro Saint Dominique,"131 Rue Saint-Dominique, 75007 Paris, France",ChIJKaLFod9v5kcRuo0gHWkGfzE,3.9,2061,3,http://www.bistrostdominique.com/,07
Le Campanella,"18 Av. Bosquet, 75007 Paris, France",ChIJxbIlEt9v5kcRHG64Ggs96bs,4.3,2053,2,https://lecampanella.com/,07
Café des Ministères,"83 Rue de l'Université, 75007 Paris, France",ChIJ7ei1YNRv5kcRRf7j0QY-e2g,4.6,433,2,https://www.cafedesministeres.fr/,07
Le Bistrot d'Eléonore et Maxence,"39 Av. Duquesne, 75007 Paris, France",ChIJ06UwVy9w5kcRkHXlblC2wbU,4.3,1477,2,N/A,07
Le Gévaudan,"67 Rue du Bac, 75007 Paris, France",ChIJqV-UodVx5kcRAdvTt9br8f8,4.5,422,N/A,N/A,07
"Le Bosquet, restaurant","46 Av. Bosquet, 75007 Paris, France",ChIJPV6btiBw5kcRAGVdYBI4MMk,4.1,949,2,http://www.bosquetparis.com/,07
Les Cocottes,"135 Rue Saint-Dominique, 75007 Paris, France",ChIJU5JgmN9v5kcRPHf9BJWJqZs,4.2,2270,2,https://lescocottes.paris/,07
Brasserie de la Tour Eiffel,"2 Av. de la Bourdonnais, 75007 Paris, France",ChIJFZYqE-Fv5kcRSNght0m79x0,3.7,3830,2,https://www.brasserietoureiffel.com/,07
Carmine Café,"73 Av. de Suffren, 75007 Paris, France",ChIJWbxjGCJw5kcRkH3b0lzVfeI,4.1,1816,2,https://carmine-cafe.fr/,07
Cocorico,"5 Rue du Bac, 75007 Paris, France",ChIJUcFddSlu5kcRGmJnxeLzvG8,4.4,2165,2,http://lecocorico.paris/,07
Riviera Fuga,"10 Port des Invalides, 75007 Paris, France",ChIJRQJBH5Fv5kcRFXwf6qpaz6E,4.8,3619,3,https://www.fugafamily.com/restaurants/riviera-fuga,07
Le Drop Café,"36 Rue de Bellechasse, 75007 Paris, France",ChIJo7gmySpu5kcRrLli9_fw0bY,4.1,791,2,https://www.instagram.com/ledropcafe/,07
Le Bistrot des Fables,"139 Rue Saint-Dominique, 75007 Paris, France",ChIJF6AjH95v5kcRNgU_zgW_fd0,4.5,190,N/A,https://bistrotdesfables.fr/,07
Café Concorde,"239 Bd Saint-Germain, 75007 Paris, France",ChIJ7alhZc1v5kcRtxCVbfAr_6Q,4.1,1032,2,https://cafeconcorde.fr/,07
Brasserie L’Alsace,"39 Av. des Champs-Élysées, 75008 Paris, France",ChIJUWoNhMNv5kcRV_ttmJ0DYFw,4.2,10217,3,https://www.restaurantalsace.com/?utm_source=Google&utm_medium=GMB&utm_campaign=ALS&y_source=1_MTE2NjUxNzAtNzE1LWxvY2F0aW9uLndlYnNpdGU%3D,08
Brasserie Pastis,"87 Bd Haussmann, 75008 Paris, France",ChIJNY8pn31v5kcRTzHkhdndvbw,4.5,3571,2,https://www.brasseriepastis.fr/,08
Elysee St Honore... Cafe ..Restaurant,"205 Rue du Faubourg Saint-Honoré, 75008 Paris, France",ChIJPRR7qchv5kcRdQn5CNgD8Ew,4.2,1900,3,http://lelyseesainthonore.com/,08
Brasserie La Lorraine,"2 Pl. des Ternes, 75008 Paris, France",ChIJFx3-JZVv5kcRbNWpjSMXP7g,4.2,3615,3,https://www.brasserielalorraine.com//?utm_source=Google&utm_medium=GMB&utm_campaign=LOR&y_source=1_MTE2NjUxNzItNzE1LWxvY2F0aW9uLndlYnNpdGU=,08
Le Drugstore,"133 Av. des Champs-Élysées, 75008 Paris, France",ChIJgfoVfI5v5kcRddBtmdEkm18,4.6,3562,N/A,http://restaurant-le-drugstore.com/,08
Le Carré Élysée,"49 Av. Franklin Delano Roosevelt, 75008 Paris, France",ChIJgS0xpcVv5kcRaEN9aHlhP-M,4.6,2063,2,N/A,08
Brasserie des Champs,"122 Av. des Champs-Élysées, 75008 Paris, France",ChIJ5eNCoXZv5kcRzGv8MFahhys,3.6,2298,2,https://www.brasserie-des-champs.com/,08
Brasserie Fouquet's Paris,"99 Av. des Champs-Élysées, 75008 Paris, France",ChIJb1MgBMJv5kcROFQGTJ9L6SA,4.2,4497,4,https://www.hotelsbarriere.com/collection-fouquet-s/paris/restaurants-et-bars/brasserie-fouquet-s-paris,08
Le Griffonnier,"8 Rue des Saussaies, 75008 Paris, France",ChIJt8slps5v5kcRsaiKP9uhiCE,4.6,208,N/A,https://www.legriffonnier.com/,08
Brasserie Lazare Paris,"Rue Intérieure, 75008 Paris, France",ChIJAbPJYTVu5kcRuFw8L6Iuy6M,4.1,2754,3,http://lazare-paris.fr/,08
Le Bistro Marbeuf,"21 Rue Marbeuf, 75008 Paris, France",ChIJjZtAHsNv5kcRP99Tgp1gods,4.1,2342,2,http://bistromarbeuf.fr/,08
Brasserie de l'Europe (tabac),"11 Rue de Lisbonne, 75008 Paris, France",ChIJZTmXMbZv5kcRoB2P9LZEo8I,4.3,185,2,https://www.brasseriedeleurope.fr/,08
Le Boissy d'Anglas,"41 Rue Boissy d'Anglas, 75008 Paris, France",ChIJ2126xcxv5kcRQle19SseHTY,4.5,692,N/A,N/A,08
Le George V,"1 Av. George V, 75008 Paris, France",ChIJbWkYat1v5kcRAmoF7XKI25Y,3.9,2594,2,http://www.legeorgevcafe.fr/,08
Le Café de Paris,"45 Av. de Friedland, 75008 Paris, France",ChIJIXf-s-tv5kcRuUFrGADIzeM,3.9,2028,2,https://restaurant-lecafedeparis.com/,08
Le Président,"59 Av. Franklin Delano Roosevelt, 75008 Paris, France",ChIJuchRxcVv5kcRfPU8M3k9f9g,4.2,537,2,https://lepresident.paris/,08
Le Mess,"16 Rue des Saussaies, 75008 Paris, France",ChIJGwABUV5v5kcR6sukDbEnzgo,4.7,92,N/A,https://www.lemessrestaurant.com/,08
Beauvau Saint-Honoré,"4 Rue des Saussaies, 75008 Paris, France",ChIJe-r2pM5v5kcRuS0poG54HDI,4.4,419,2,https://beauvau-saint-honore.eatbu.com/?lang=fr,08
Triadou Haussmann,"80 Bd Haussmann, 75008 Paris, France",ChIJoRNc4jRu5kcRjIC3RtdeETc,3.8,2959,3,http://triadou-haussmann.fr/fr,08
Beaucour à la folie,"16 Av. Hoche, 75008 Paris, France",ChIJC1qdWj5v5kcRh9VuT2Yzz5M,4.8,335,N/A,https://www.cafebeaucourfolie.fr/,08
BRASSERIE LE MIGNON,"8 Rue Lamartine, 75009 Paris, France",ChIJ1_PKeEBu5kcRP8wnB7dzaYw,4.8,127,2,N/A,09
Grand Café Capucines,"4 Bd des Capucines, 75009 Paris, France",ChIJkx1IsDBu5kcRkKzFD4HjFMc,4.2,7500,3,https://www.legrandcafe.com//?utm_source=Google&utm_medium=GMB&utm_campaign=GCC&y_source=1_MTE2NjUxODUtNzE1LWxvY2F0aW9uLndlYnNpdGU%3D,09
Le Royal,"8 Rue La Fayette, 75009 Paris, France",ChIJYd6GZDdu5kcRu4KePSu01kk,3.9,727,2,https://www.privateaser.com/lieu/52238-le-royal,09
Au Bercail,"6 Rue de Maubeuge, 75009 Paris, France",ChIJZV5YVj9u5kcRZxU8-MJiecQ,4.2,491,2,https://www.privateaser.com/lieu/39750-au-bercail,09
Au Petit Riche,"25 Rue Le Peletier, 75009 Paris, France",ChIJiS_6Fjlu5kcRlTC1oqEVTac,4.4,1776,3,http://www.restaurant-aupetitriche.com/,09
Les Fils à Maman Grands-Boulevards,"7 bis Rue Geoffroy-Marie, 75009 Paris, France",ChIJazN5UT5u5kcRELPsC-EbGoQ,4.6,3211,2,https://www.lesfilsamaman.com/restaurants/paris-grands-boulevards/?utm_source=google&utm_medium=organic&utm_campaign=mybusiness-website,09
Restaurant La Petite Charlotte,"47 Rue Notre Dame de Lorette, 75009 Paris, France",ChIJI4AbkjZv5kcRkQJhobocIk8,4.8,469,N/A,https://lapetitecharlotterestaurant.fr/,09
Royal Trinité,"59 Rue de Châteaudun, 75009 Paris, France",ChIJ0Sj2LDZu5kcR8ZYTT2SRqk8,3.1,2426,2,http://leroyaltrinite.fr/,09
Chez Gustave,"6 Pl. Gustave Toudouze, 75009 Paris, France",ChIJwb-HWkZu5kcRRpcuGRdMDYQ,4.2,607,N/A,https://r.yonev.com/store/60,09
Les Bacchantes,"21 Rue de Caumartin, 75009 Paris, France",ChIJpT1j9zNu5kcRQ9Nz9W8sXwQ,4.3,967,2,http://www.lesbacchantes.fr/,09
Le P'tit Piano,"26 Rue Cadet, 75009 Paris, France",ChIJg5DO-ypv5kcRLo19dFCDJ6w,4.7,1508,2,https://leptitpianobar.fr/,09
Les Canailles,"25 Rue la Bruyère, 75009 Paris, France",ChIJx4MygUhu5kcRMypVhd_iT8E,4.7,945,2,https://www.restaurantlescanailles.fr/en-salle/,09
Bistrot du 9ème,"1 Rue Frochot, 75009 Paris, France",ChIJJVWoe0Zu5kcRdkA-E3ewHz8,3.7,813,2,https://www.reservateur.fr/etablissement/599/Bistrot-du-9%C3%A8me,09
Café Marguerite,"28 R. des Martyrs, 75009 Paris, France",ChIJldd2JUdu5kcRtjKETYfNmXg,4.5,913,2,N/A,09
Le Petit Cadet,"9 Rue Cadet, 75009 Paris, France",ChIJuc6GCz9u5kcRS3d-UkLySso,4.3,1118,2,http://lepetitcadet-paris.fr/fr,09
Bistrot Rougemont,"10 Rue Rougemont, 75009 Paris, France",ChIJUcfEzl5v5kcRMnJEpWQ0ST8,4.7,720,2,http://www.bistrot-rougemont.fr/,09
Le Royal Bergère,"24 Rue Bergère, 75009 Paris, France",ChIJFQhJTj5u5kcRhx0ALUThIB0,3.8,870,2,https://www.privateaser.com/lieu/6411-le-royal-bergere,09
Bourgogne Sud,"14 Rue de Clichy, 75009 Paris, France",ChIJqQhQkklu5kcRBWxiLYpzgew,4.5,1251,2,https://bourgogne-sud-paris.fr/,09
Le Savarin,"4 Rue de Navarin, 75009 Paris, France",ChIJ6RjR3EZu5kcR9KkHdeYEqbk,4.7,691,3,https://www.lapantruchoise.com/lesavarin,09
Poni,"24 Rue Saint-Lazare, 75009 Paris, France",ChIJ__9Pj0du5kcRJl4tnbeHmvA,4.8,2248,2,https://poni-bistro.eatbu.com/?lang=fr#reservation,09
Brasserie Bellanger,"140 Rue du Faubourg Poissonnière, 75010 Paris, France",ChIJLzkwDG5v5kcR4iljevWUw_M,4.7,4055,2,https://nouvellegardegroupe.fr/,10
Brasserie Floderer,"7 Cr des Petites Écuries, 75010 Paris, France",ChIJUcm-vxNu5kcRBE4e7wFBAPE,3.9,1360,3,http://www.floderer-paris.com/,10
Louisette,"8 Boulevard St Denis, 75010 Paris, France",ChIJC_LUShdv5kcRJg8SUEkor_Y,4.7,4517,N/A,https://www.louisette-paris.com/,10
Terminus Nord,"23 Rue de Dunkerque, 75010 Paris, France",ChIJl5CSSmxu5kcRpmSb14jQGxA,4.2,4832,2,https://www.terminusnord.com//?utm_source=Google&utm_medium=GMB&utm_campaign=TN&y_source=1_MTE2NjUxODItNzE1LWxvY2F0aW9uLndlYnNpdGU%3D,10
Bouillon Chartier,"5 Rue du 8 Mai 1945, 75010 Paris, France",ChIJO77c9RRv5kcRL-TBSE082ec,4.6,7480,1,https://www.bouillon-chartier.com/,10
Brasserie Riviera,"118 Rue La Fayette, 75010 Paris, France",ChIJ3Soa7Jtv5kcRb7j3JknTXDM,4.3,620,N/A,http://www.lariviera.paris/,10
Les Rupins - Restaurant Parisien,"35 Bd de Magenta, 75010 Paris, France",ChIJ38_szA1u5kcRtZZK4AhbCpQ,4.6,3138,2,http://www.lesrupins.fr/,10
Bouillon Julien,"16 Rue du Faubourg Saint-Denis, 75010 Paris, France",ChIJg8kIZRFu5kcRULZqe9xS-a0,4.1,7626,2,https://www.bouillon-julien.com/,10
Le Prévoyant,"79 Bd de Magenta, 75010 Paris, France",ChIJny9btRJu5kcRjoMr88Yz9gs,4.2,705,2,https://www.wiictechnology.com/WiiC_clouds/offre.php?resto=243,10
La Ville de Provins,"74 Bd de Strasbourg, 75010 Paris, France",ChIJHcV-UA1u5kcRBbIajeOZSDc,4.3,814,2,http://www.lavilledeprovins.com/,10
La Maison Bleue,"7 Pl. Franz Liszt, 75010 Paris, France",ChIJvX0Tbmtu5kcRFaw-9J09e4k,4.3,1407,2,http://www.lamaisonbleue.paris/,10
Brasserie de l'Hôtel du Nord,"102 Quai de Jemmapes, 75010 Paris, France",ChIJN_VadQtu5kcRLwEl3jggM4s,4.3,1225,2,https://www.hoteldunordparis.com/,10
Valma Brasserie Provençale,"45 Quai de Valmy, 75010 Paris, France",ChIJ3eIklglu5kcRpX9JYrT_Vlc,4.4,1168,2,https://www.brasserie-valma.fr/,10
Le Robinet d'Or Restaurant & Bar Canal Saint Martin,"7 Rue Eugène Varlin, 75010 Paris, France",ChIJh2Be_stv5kcRtJeuWexCZm0,4.6,311,2,http://lerobinetdor.com/,10
The Place to... Gare de l'Est - Restaurant Pub Paris 10,"131 Rue du Faubourg Saint-Martin, 75010 Paris, France",ChIJH1_HQWJv5kcRlsLG7J1YW14,4.4,1224,2,https://www.theplaceto.paris/,10
Brasserie Chateau Landon,"187 Rue du Faubourg Saint-Martin, 75010 Paris, France",ChIJYXf-j3Nu5kcRwp74-uTOoMQ,4.4,401,2,N/A,10
L'Amour Vache,"2 Bd de Bonne Nouvelle, 75010 Paris, France",ChIJj_s4SxFu5kcRL6aXemtgYcY,4.3,1533,2,https://wiicmenu-qrcode.com/app/restaurantWebSite.html?resto=1275,10
Au Comptoir,"9 Rue de la Grange aux Belles, 75010 Paris, France",ChIJ7S0Roltv5kcR5UOh0qbnRFc,4.2,297,N/A,https://www.brasserieaucomptoir.fr/,10
BLOOM GARDEN Restaurant & Bar à cocktails,"23 R. du Château Landon, 75010 Paris, France",ChIJA1n6SqJv5kcRjEMCcj0PbI4,4.8,83,N/A,https://bloomhouse-hotel.com/restaurant/,10
Le Plomb du Cantal Rive Droite,"4 Boulevard St Denis, 75010 Paris, France",ChIJp-XOxxFu5kcRo3ILR9GpeOQ,4.2,2596,2,N/A,10
Brasserie Martin,"24 Rue Saint-Ambroise, 75011 Paris, France",ChIJuU_y2Spt5kcR4zgRjp_YWEc,4.6,3993,2,https://nouvellegardegroupe.com/,11
Brasserie Rosie,"53 Rue du Faubourg Saint-Antoine, 75011 Paris, France",ChIJpxiIIGdz5kcRw6DgrF-erAA,4.7,5441,2,https://brasseriesalamode.com/,11
Les Cuivres - Restaurant Paris 11,"68 Av. de la République, 75011 Paris, France",ChIJV7dl_6Bt5kcRLQZuKu0QYiA,4.6,1505,2,http://www.lescuivresparis.com/,11
Le Royal Brasserie,"110 Rue du Chemin Vert, 75011 Paris, France",ChIJMagSP_Ft5kcREhl8M4rMan0,4.5,203,1,https://www.privateaser.com/lieu/49290-le-royal-onze,11
La Robe de la Girafe - Bistro Paris 11,"5 Rue Froment, 75011 Paris, France",ChIJ2ygHt_ht5kcRJT3rpsBU2sQ,4.5,1157,2,https://www.larobedelagirafe.com/,11
Le Rey - Restaurant Paris 11,"130 Rue de la Roquette, 75011 Paris, France",ChIJSU5Svfdt5kcR8zByKLB8DOU,3.9,1629,2,N/A,11
Le Bistrot du Peintre,"116 Av. Ledru Rollin, 75011 Paris, France",ChIJ2ZYOZAty5kcRVaUKv_HxrWI,4.4,680,2,http://www.bistrotdupeintre.com/,11
Charbon Café,"109 Rue Oberkampf, 75011 Paris, France",ChIJfU98SuVt5kcRfFDi5Uj6u6Q,4.2,1917,2,http://www.lecafecharbon.fr/,11
Grand Café Bataclan,"50 Bd Voltaire, 75011 Paris, France",ChIJu1DtVvxt5kcRqHa5XRn0Sis,4.4,261,N/A,http://www.grandcafebataclan.com/,11
Bistrot Paul Bert,"18 Rue Paul Bert, 75011 Paris, France",ChIJnYPdmaZz5kcR80ulUF3wtjQ,4.3,1398,N/A,https://bistrotpaulbert.fr/,11
Brasserie café le Paris,"24 Bd Richard-Lenoir, 75011 Paris, France",ChIJ1yG9aP9t5kcRFRijH8vEfOs,4.1,313,2,N/A,11
Falstaff,"10-12 Pl. de la Bastille, 75011 Paris, France",ChIJq1z05ABy5kcRoVEvXvE8i6Q,4,3340,N/A,https://falstaffcafe.fr/,11
Bistro K,"140 Rue de la Roquette, 75011 Paris, France",ChIJT7MSpWlt5kcR2PhBhXwPJxE,4.9,94,N/A,https://instagram.com/bistro_k_75011?igshid=YTQwZjQ0NmI0OA==,11
A la renaissance,"87 Rue de la Roquette, 75011 Paris, France",ChIJbSGWjvdt5kcRTZPgPTeuDPA,4.3,464,2,https://www.wiictechnology.com/WiiC_clouds/offre.php?resto=407,11
La Bonne Bière,"32 Rue du Faubourg du Temple, 75011 Paris, France",ChIJDTLm1wlu5kcRyjzp_OKbLu4,4,2175,2,http://www.alabonnebiere.com/,11
La Poulette de Grain,"261 Rue du Faubourg Saint-Antoine, 75011 Paris, France",ChIJFVHlmwxy5kcRb-DbIbw-RXg,4.5,894,2,https://lapoulettedegrain.fr/fr,11
Au Cadran Voltaire,"109 Bd Voltaire, 75011 Paris, France",ChIJ48WzqPdt5kcROEVl6Np10lQ,4.2,1448,2,N/A,11
La Fine Mousse,"6 Av. Jean Aicard, 75011 Paris, France",ChIJBajpzPFt5kcR_n4amMZrFbk,4.5,1934,2,http://www.lafinemousse.fr/,11
Le Bec Salé,"119 Rue de la Roquette, 1 Rue Pétion, 75011 Paris, France",ChIJizAcJPRt5kcRq5XuOmNlo-g,4.6,571,1,http://lebecsale.eatbu.com/,11
BRASSERIE AU MÉTRO OBERKAMPF,"19 Rue de Malte, 75011 Paris, France",ChIJX6Ueaf1t5kcRVzbXSKA_kwo,3.8,910,2,https://www.aumetro-oberkampf.fr/,11
Le 217 Brasserie Restaurant,"217 Av. Daumesnil, 75012 Paris, France",ChIJERw-nmhy5kcR2F6bGEVgvPw,4.7,1128,2,N/A,12
La Petite Place Paris 12,"202 Rue du Faubourg Saint-Antoine, 75012 Paris, France",ChIJI4q2LW1z5kcRQEp5PbYSftk,4.6,172,N/A,https://cafelapetiteplace.fr/,12
The European,"21 bis Bd Diderot, 75012 Paris, France",ChIJG8QItARy5kcR2o92U4mIRjc,4.1,4724,2,http://www.l-europeen.com/,12
Au Bois Doree,"270 Av. Daumesnil, 75012 Paris, France",ChIJMUU3tmBy5kcRzeL-OBA3wJI,4.8,480,2,http://www.auboisdoree.fr/,12
L'Ébauchoir,"43-45 Rue de Cîteaux, 75012 Paris, France",ChIJ37Xhzw5y5kcRr2FfxIiIF_w,4.7,1467,2,http://www.lebauchoir.com/,12
L´Angélique Café,"125 Rue de Reuilly, 75012 Paris, France",ChIJ_y7RSQ9z5kcR08cIJ5ZowKU,4.6,306,2,http://www.groupechouette.com/,12
Café Restaurant L’Arrosoir,"75 Av. Daumesnil, 75012 Paris, France",ChIJ61rG8A9y5kcRik7Xz5oN-MQ,4,1877,2,http://www.restaurant-larrosoir.com/,12
Com' à la maison,"51 Av. du Dr Arnold Netter, 75012 Paris, France",ChIJ_3X3WGNy5kcRpi5EI5laEQk,4.7,152,1,https://comalamaisonparis.com/,12
La Promenade,"32 Av. Daumesnil, 75012 Paris, France",ChIJHTdkFgVy5kcR2bA56JIsfP8,4.4,863,2,https://www.facebook.com/LaPromenadeParis/,12
Chez ma belle mère,"257 Av. Daumesnil, 75012 Paris, France",ChIJ89jpMGdy5kcRn2PmhCdszhs,4,1946,2,http://menuonline.fr/chezmabellemere,12
"Restaurant, Bar , Brasserie La Tour, cuisine traditionnelle, Paris Gare De Lyon , Galerie Gamma","193 Rue de Bercy, 75012 Paris, France",ChIJH_pAExty5kcRlzSZi9qLGpA,4.5,506,N/A,https://brasserie-la-tour-restaurant-paris.eatbu.com/,12
Le Dalou,"30 Pl. de la Nation, 75012 Paris, France",ChIJx-g2_3By5kcRmqpWnykXIT0,3.7,2966,2,https://www.brasserie-ledalou.fr/,12
Le Repaire,"100 Av. Daumesnil, 75012 Paris, France",ChIJt7JoNBJy5kcRckUfq-q7E8I,4.4,753,1,https://www.lerepaire-restaurant.fr/,12
Café Millésimes,"88 Rue de Picpus, 75012 Paris, France",ChIJu8ikUVNz5kcRLq9L5LLFE5A,4.5,177,N/A,https://www.privateaser.com/lieu/48970-Cafe-millesimes,12
Les affranchis,"14 Av. Daumesnil, 75012 Paris, France",ChIJTROzwKFz5kcRa-gtIrRa_Jg,4.5,496,2,N/A,12
Aux Cadrans,"21 ter Bd Diderot, 75012 Paris, France",ChIJG8QItARy5kcRS86xWeom4e0,4.2,1579,2,N/A,12
Le Bel Air,"Av. du Dr Arnold Netter, 75012 Paris, France",ChIJk0-VY2Ny5kcRnuldKBoG_z0,4,854,2,N/A,12
Au Tramway,"253 Av. Daumesnil, 75012 Paris, France",ChIJWyAr_mZy5kcRW5bdmoBtGeY,4.2,1207,2,N/A,12
Bistro Lyonnais,"6 Rue Michel Chasles, 75012 Paris, France",ChIJH9Dq3ARy5kcRHdtJ7boEAv4,4.4,772,2,N/A,12
La Cantine de daumesnil - restaurant paris 12,"119 Rue de Reuilly, 75012 Paris, France",ChIJLfkxom5y5kcRimLiWd35rv0,4.3,693,2,https://www.facebook.com/lacantinededaumesnil/,12
Le Chevaleret - Brasserie,"122 Rue du Chevaleret, 75013 Paris, France",ChIJYTOknXFz5kcR63uZeaVo6Z0,4.6,178,N/A,https://www.facebook.com/Le-Chevaleret-2226344361026883/,13
Chez Trassoudaine,"3 Pl. nationale, 75013 Paris, France",ChIJr36aZSdy5kcRAddTio5dOrQ,4.8,1417,3,http://cheztrassoudaine.com/,13
Chez Lili et Marcel,"1 Quai d'Austerlitz, 75013 Paris, France",ChIJKceE-xhy5kcRCulqReHFCuM,4.1,4213,2,http://www.chezlilietmarcel.com/,13
Les Affranchis,"98 Rue de Tolbiac, 75013 Paris, France",ChIJ6yHMF4hx5kcRMOPGcynDBBc,4.3,1180,2,http://les-affranchis.paris/,13
Le Quai Brasserie,"192 Av. de France, 75013 Paris, France",ChIJP2vSeSlz5kcR4Jx3BF6ig6o,4.1,379,N/A,http://brasserie-lequai.fr/,13
L'Age d'Or,"26 Rue du Dr Magnan, 75013 Paris, France",ChIJiQepvIhx5kcRjn9X73FvFao,4.2,1182,2,http://www.lagedorparis.com/,13
Dudule,"205 Bd Vincent Auriol, 75013 Paris, France",ChIJJ-J8wRZx5kcRMqHPiufAO8Y,4.4,1236,2,https://www.cafedudule-paris.com/,13
Le Val Royal,"93 Bd de Port-Royal, 75013 Paris, France",ChIJg7TTM8Bx5kcR2Jo3OLzjLeM,4.1,392,2,https://www.privateaser.com/lieu/39408-le-val-royal,13
Café Grand Albert,"30 Rue Albert, 75013 Paris, France",ChIJkZz_0Zhz5kcRy-bh6KV-9jQ,4.5,84,N/A,N/A,13
La Halte Paris 13,"130 Bd Vincent Auriol, 75013 Paris, France",ChIJmycOpotx5kcRbYKGJsqE8r0,4.5,404,2,N/A,13
Café Jules,"2 Rue Bobillot, 75013 Paris, France",ChIJLwvkCo5x5kcRWhEpKtaBTu4,4.4,2877,2,https://www.cafejules-paris.com/,13
L'Avenue,"120 Av. de France, 75013 Paris, France",ChIJg6wFsjxy5kcR3CfwT8tT7MI,3.5,1524,2,https://wiicmenu-qrcode.com/app/restaurantWebSite.php?resto=914,13
Le Verbalon,"198 bis Rue de Tolbiac, 75013 Paris, France",ChIJCWw0eUpx5kcRvEdNsedJ6yo,4.5,474,2,https://leverbalon.fr/,13
Bomby's Café,"9 Pl. d'Italie, 75013 Paris, France",ChIJ32dsNIxx5kcRY8DntGPt2iY,4.3,338,2,https://wiictechnology.com/WiiC_clouds/offre.php?resto=546,13
La Place,"194 Av. de Choisy, 75013 Paris, France",ChIJOdi_8o5x5kcR46CbkVw5zA4,4.1,826,2,N/A,13
Le Débonnaire,"107 Rue du Chevaleret, 75013 Paris, France",ChIJwdheZiNy5kcRSQysf6Y7lP0,4.3,968,2,http://www.ledebonnaire.fr/,13
Les Frangins,"3 Rue des Gobelins, 75013 Paris, France",ChIJazZ_zZJx5kcRsgsQEGJh6Mc,4.5,456,2,https://restaurant-les-frangins.fr/,13
Restaurant l'Excuse,"219 Rue de Tolbiac, 75013 Paris, France",ChIJgSEE3plx5kcR2rQD6oENZLU,4.2,252,2,N/A,13
L’Audièrnes,"22 Rue Louise Weiss, 75013 Paris, France",ChIJKew0hiFy5kcRKidKwaWAKCg,4.4,304,N/A,http://www.laudiernes.fr/,13
Le Limousin,"42 Rue Cantagrel, 75013 Paris, France",ChIJGZJeECVy5kcRqLxoR1gp0Qk,4.6,1004,2,http://le-limousin-brasserie.fr/,13
Maison Péret - Restaurant Brasserie - Rue Daguerre,"6 Rue Daguerre, 75014 Paris, France",ChIJXdQBKypx5kcRfOcgEE7W7Ug,4.5,490,2,https://www.maisonperet.com/fr/?utm_source=google&utm_medium=mybusiness,14
Félicie,"174 Av. du Maine, 75014 Paris, France",ChIJm6EsEbRx5kcRH6fDdzGtCP4,4.4,1883,2,http://www.felicie.info/,14
Au P'tit Zinc,"2 Rue des Plantes, 75014 Paris, France",ChIJ4Q62DbRx5kcRcyVkp26QEGk,4.6,700,2,http://au-p-tit-zinc.lany.io/,14
Café Brasserie Le Paul Fort,"34 Rue Paul Fort, 75014 Paris, France",ChIJdZ2cq69x5kcRfn6v41KmYeM,4.6,210,1,N/A,14
Jacky et Tètelle,"11 Rue Didot, 75014 Paris, France",ChIJFc0N4bRx5kcRPr25qaiadXk,4.5,221,N/A,https://www.privateaser.com/lieu/50254-brasserie-du-chateau,14
Brasserie Partage,"79 Rue Didot, 75014 Paris, France",ChIJp1NwddJx5kcRYrTwm9odg8U,4.7,320,N/A,http://www.partagebrasserie.fr/,14
La Coupole,"102 Bd du Montparnasse, 75014 Paris, France",ChIJYafZxs5x5kcRiDaXQXadCBY,4.4,12502,3,https://www.lacoupole-paris.com//?utm_source=Google&utm_medium=GMB&utm_campaign=COU&y_source=1_MTE2NjUxODQtNzE1LWxvY2F0aW9uLndlYnNpdGU=,14
Le petit sommelier de Paris,"49 Av. du Maine, 75014 Paris, France",ChIJK-0NQMtx5kcRT2guyXzQChc,4.1,1379,2,https://www.lepetitsommelierdeparis.com/,14
Le Jéroboam,"72 Rue Didot, 75014 Paris, France",ChIJwXuqqk1w5kcRsKIDTpgRJzA,4.8,3645,2,http://www.lejeroboam.fr/,14
Au Bistrot d'à Côté Paris 14ème,"18 Rue Lalande, 75014 Paris, France",ChIJndbsU7Zx5kcRT-RfPHpe1Zo,4.7,415,2,N/A,14
L’Essentiel - Restaurant Paris 14,"168 Rue d'Alésia, 75014 Paris, France",ChIJvW_a_ktw5kcR-H-c9tgHuGQ,4.3,555,2,https://lessentiel-paris-14.fr/fr,14
Bistrot Basilic,"34 Rue Pierre Larousse, 75014 Paris, France",ChIJw1zvYgxx5kcR9PVaG9WbDEE,4.9,187,N/A,https://bistrot-basilic-paris-14.fr/fr,14
Bar Les Mains D' Or Restaurant,"22 Rue de l'Amiral Mouchez, 75014 Paris, France",ChIJP-wRoqJx5kcRb5I2nD6iTVc,4.7,425,2,N/A,14
Comptoir d'Alésia,"125 Rue d'Alésia, 75014 Paris, France",ChIJqaVIqrNx5kcRdPP_ysl_O74,4.2,443,2,https://www.comptoirdalesia.fr/?utm_medium=referral&utm_source=gmb&utm_campaign=lnk-gmb,14
Brasserie le Square,"198 Rue Raymond Losserand, 75014 Paris, France",ChIJZ6k6cUVw5kcRz8zaqk90GH8,4.2,218,N/A,https://www.facebook.com/Brasserie-Le-Square-533091136868706/,14
Restaurant 14 Juillet,"99 Rue Didot, 75014 Paris, France",ChIJ554eu01w5kcRZkgiWHZiYqM,4.5,687,2,https://www.le14juillet.fr/,14
Les Petits Parisiens (Bistrot de bons goûts),"49 Av. Jean Moulin, 75014 Paris, France",ChIJ65kTdVNx5kcRb34kg2awxac,4.5,221,N/A,http://www.petits-parisiens.fr/,14
Les Petits Plats,"39 Rue des Plantes, 75014 Paris, France",ChIJOZXq-7Jx5kcRr7k3qLJAwXM,4.6,577,2,N/A,14
La Contre Allée,"83 Av. Denfert Rochereau, 75014 Paris, France",ChIJveLzibhx5kcRN9RVCDkac1U,4.7,200,N/A,http://www.contreallee.net/,14
Le Petit Broc,"206 Bd Raspail, 75014 Paris, France",ChIJz3lcK89x5kcRsxTboX7MsPg,4.3,532,2,http://www.lepetitbroc.fr/,14
Harper's Paris 15,"46 Bis Bd du Montparnasse, 75015 Paris, France",ChIJ04fqLM1x5kcRwZp44k_mdCY,4.8,2849,2,http://www.harpers-restaurant.com/,15
Le Café du Commerce,"51 Rue du Commerce, 75015 Paris, France",ChIJRQaWcBdw5kcRGyBbSZDLhk8,4.3,4799,2,http://www.lecafeducommerce.com/,15
Le Felix Faure Paris,"85 Av. Félix Faure, 75015 Paris, France",ChIJQ3gFAQ1w5kcRHVK4HtcDSOE,4.5,269,2,https://le-felix-faure-paris-15.fr/fr,15
Comptoir Principal,"29 Bd de Grenelle, 75015 Paris, France",ChIJC912hxxw5kcRgZIlxediBHY,4.3,1297,2,https://www.comptoirprincipal.com/,15
Le Suffren,"84 Av. de Suffren, 75015 Paris, France",ChIJ65TvOyJw5kcRaLuvK3Qgz7E,4.3,4641,2,https://www.instagram.com/lesuffrenparis,15
L'Argument,"121 Rue de la Convention, 75015 Paris, France",ChIJtxL6RRJw5kcRHywELJ1Ry7M,4.3,1092,2,http://largument.fr/,15
LA GAULOISE PARIS,"59 Av. de la Motte-Picquet, 75015 Paris, France",ChIJ23IqeSJw5kcR2oPuQct1dXc,4.3,1182,2,"https://www.restaurantlagauloiseparis.fr/,",15
Brasserie L'Apollinaire,"7 Pont Mirabeau, 75015 Paris, France",ChIJE2TJOwhw5kcR36ghNnWaqIs,4.5,620,2,http://www.lapollinaire-restaurant.fr/,15
LE PAVILLON Paris 15,"53B Av. de la Motte-Picquet, 75015 Paris, France",ChIJAQCcZSJw5kcR60aF8piOLuk,4.4,739,2,https://lepavillon-paris.fr/fr,15
Brasserie Lola,"99 Rue du Théâtre, 140 Av. Emile Zola, 75015 Paris, France",ChIJ-_3AVhdw5kcRWbjeGscubMY,4.3,849,2,https://menuonline.fr/brasserielola/carte-restaurant,15
Au Dernier Métro,"70 Bd de Grenelle, 75015 Paris, France",ChIJb0sY2htw5kcRlGBg7jp65Kg,4.2,1254,2,http://auderniermetro.fr/fr,15
Frame,"22 Rue Jean Rey, 75015 Paris, France",ChIJvdsKwh1w5kcRBk29AGHlfQg,4.2,1528,2,https://www.framebrasserie.fr/,15
LA PETITE ROTONDE,"44 Av. Félix Faure, 75015 Paris, France",ChIJZRQrEhJw5kcRHzZIQQKizh8,4.3,521,2,N/A,15
Le Relais du 15ème,"78 Av. Emile Zola, 75015 Paris, France",ChIJvYi07Q9w5kcRjoSAOjD6g4Q,4.7,4148,2,https://www.relais15.com/,15
Bistro Mon Rêve,"68 Av. Félix Faure, 75015 Paris, France",ChIJ51Slow1w5kcRgXxLmK9Up5A,4.7,955,2,http://bistromonreve.fr/fr,15
Brewery Laura,"44 Rue Paul Barruel, 75015 Paris, France",ChIJVVWpmjhw5kcRx5q-MlYY9-8,4.6,130,N/A,https://brasserielaura.eatbu.com/,15
Brasserie Le Convention,"200 Rue de la Convention, 75015 Paris, France",ChIJSV80tWpw5kcRKelbbD14o-M,4,1223,2,http://convention-cafe.fr/,15
Le Murmure Fracassant,"108 Rue de la Convention, 75015 Paris, France",ChIJXWdVDBJw5kcR-zNGYBRGR0M,4.3,1248,2,https://lemurmure.fr/,15
L'Intrigue,"24 Pl. Etienne Pernet, 75015 Paris, France",ChIJTaYiBPFx5kcRieC8D5ri8aw,4.6,115,N/A,http://www.lintrigueparis.fr/,15
Le Lutèce,"274 Rue Lecourbe, 75015 Paris, France",ChIJv9uu5xJw5kcRN4f153Pf0Hk,4.4,202,N/A,https://reservateur.fr/etablissement/705/Le-Lut%C3%A8ce,15
Auteuil Brasserie,"78 Rue d'Auteuil, 75016 Paris, France",ChIJEcNXrLB65kcR6leyh3yLQpk,4.1,8202,2,https://www.auteuil-brasserie.com/?utm_source=Google&utm_medium=GMB&utm_campaign=AUT&y_source=1_MTE2NjUxOTEtNzE1LWxvY2F0aW9uLndlYnNpdGU%3D,16
Le Bistro de Longchamp,"40 Rue de Longchamp, 75116 Paris, France",ChIJQVmhK-Vv5kcRa7e0hGta-AQ,4.5,951,2,https://www.facebook.com/Le-Bistro-de-Longchamp-%C3%80-LHeure-De-Lisbonne--259033900465,16
La Rotonde de la Muette,"12 Chau. de la Muette, 75016 Paris, France",ChIJa_51uFRl5kcRkuGS2GFCFEY,4.1,2093,2,http://www.rotondemuette.paris/,16
Le Passy,"2 Rue de Passy, 75016 Paris, France",ChIJx4HOlP1v5kcRUY5nVu2bFH8,4.2,1054,2,https://lepassy.paris/,16
Le Bois,"29 Rue Bois le Vent, 75016 Paris, France",ChIJrSiQLKt65kcRfHHQMED54ZU,4.3,1142,2,http://www.restaurant-lebois.fr/,16
Le Kléber Brasserie,"80 Av. Kléber, 75116 Paris, France",ChIJ-yXSUOVv5kcR9fmR_xAkP3w,4.1,1374,2,N/A,16
Le Cardinal,"5 Pl. de la Prte de Saint-Cloud, 75016 Paris, France",ChIJN41FPcB65kcRR0c1FWQSirE,4.3,1254,3,http://lecardinalparis.com/,16
Bistrot Le Poincaré,"62 rue de longchamps, 22 Av. Raymond Poincaré angle du, 75016 Paris, France",ChIJhft5_vpv5kcRPl37csB1SmQ,4.3,1643,2,https://menuonline.fr/lepoincare,16
Le Stella,"133 Av. Victor Hugo, 75016 Paris, France",ChIJRcYOf_dv5kcRKbSYAwRYydE,3.9,942,3,http://www.lestella.fr/,16
Brasserie Victor Hugo,"4 Pl. Victor Hugo, 75016 Paris, France",ChIJiWyX5NNv5kcRbb5gt7QvZ-Q,3.5,669,2,https://brasserievictorhugo-paris.com/,16
Bô-zinc,"59 Av. Mozart, 75016 Paris, France",ChIJr1_SWqx65kcRZ1-eejyFZ0Q,4.3,1316,1,N/A,16
Petit Victor Hugo (PVH),"143 Av. Victor Hugo, 75016 Paris, France",ChIJM75MJPhv5kcR4UMSfRGhlQU,4.4,579,2,https://www.petitvictorhugo.fr/?y_source=1_MjY4MjIxMjEtNzE1LWxvY2F0aW9uLndlYnNpdGU%3D,16
Le Marceau,"39 Av. Marceau, 75016 Paris, France",ChIJkawvVehv5kcR2YnlsYRz8RQ,4,1553,2,https://lecafemarceau.fr/?utm_source=Google-Map&utm_medium=Fiche,16
Le Flandrin,"4 Pl. Tattegrain, 75116 Paris, France",ChIJfTHIxVZl5kcRWsoSezOFKAg,4.1,997,4,https://www.leflandrin.com/,16
Les Fontaines,"219 Av. de Versailles, 75016 Paris, France",ChIJcej_Hr565kcR8KtbXXXG0dc,3.9,868,3,https://www.lesfontainesparis.fr/,16
Le Murat,"1 Bd Murat, 75016 Paris, France",ChIJVa3oV7d65kcRakWaqJr1dj8,4.3,1433,3,http://www.restaurant-lemurat.com/,16
LA TERRASSE,"5 Pl. de Barcelone, 75016 Paris, France",ChIJe9QQdKF75kcR1rOkqT9yFtM,4.4,1054,4,https://laterrasse-paris-16.fr/fr,16
Comptoir du 16,"24 Boulevard Exelmans, 75016 Paris, France",ChIJUbP8M6N65kcRSjUpH_OdaHg,4.3,282,2,https://www.comptoirdu16.fr/,16
Le Paris Seize,"18 Rue des Belles Feuilles, 75116 Paris, France",ChIJJxUP7Plv5kcRDntnxEMf8XU,4.6,766,2,https://www.paris16-restaurant.com/,16
Auberge Dab,"161 Av. de Malakoff, 75116 Paris, France",ChIJndJmvPRv5kcRvUnFPfOfmMw,4.2,1529,3,http://www.auberge-dab.com/,16
La Maison,"28 Pl. Saint-Ferdinand, 75017 Paris, France",ChIJQdNLN41v5kcR0vzmEhZ8n8o,4.2,1325,2,https://menuonline.fr/lamaisonparis17,17
Le Diplomate Paris 17,"110 Bd de Courcelles, 75017 Paris, France",ChIJsQcIZJVv5kcRubdP_Kcbxnc,4.4,281,2,https://www.lediplomateparis17.com/?utm_source=google&utm_medium=wix_google_business_profile&utm_campaign=8677343980817302769,17
Brasserie Le Moncey,"BRASSERIE LE MONCEY, 14 Bd des Batignolles, 75017 Paris, France",ChIJ5aXm60xu5kcRSsQrTXqFMlQ,4.3,906,1,https://wiicmenu-qrcode.com/app/restaurantWebSite.html?resto=1265,17
Brasserie Naï,"8 Av. de la Grande Armée, 75017 Paris, France",ChIJQQT1Vexv5kcRLZEM18nBEY0,4.3,1608,2,http://www.nai-brasserie.fr/,17
Break | Restaurant Paris 17 | Terrasse | Brunch Paris,"119 Bd Pereire, 75017 Paris, France",ChIJMX9Gqptv5kcR6qmjbN-UDKY,4.4,931,N/A,https://www.break-paris.fr/,17
Le Paris 17,"41 Rue Guersant, 75017 Paris, France",ChIJrdVn241v5kcRP9t539L1QoI,4.7,695,2,http://www.restaurant-paris17.fr/,17
Brasserie Le Paris Rome,"62 Bd des Batignolles, 75017 Paris, France",ChIJd7UGeLNv5kcR3tYKyrigq3s,3.9,432,2,https://lor.paris/p/le-paris-rome-paris/accueil,17
Le Congrès Maillot,"80 Av. de la Grande Armée, 75017 Paris, France",ChIJKbawUotv5kcR0GJTddHY-hY,4.1,2171,2,http://www.congres-maillot.com/,17
Le Comptoir Parisien,"174 Av. de Clichy, 75017 Paris, France",ChIJN6jQM6lv5kcRwiCI-VYiboo,4.4,299,N/A,N/A,17
Le poncelet,"83 Av. de Wagram, 75017 Paris, France",ChIJ8cewpZVv5kcRmRE_LdqRKfY,4.3,622,2,https://leponcelet.fr/,17
Aux Dés Calés 17,"181 Rue Legendre, 75017 Paris, France",ChIJc2wBoVRu5kcRlPUnIqUyrCw,4.5,1230,2,http://www.auxdescales17.fr/,17
Le St Cyr,"147 Av. de Villiers, 75017 Paris, France",ChIJN42EMJBv5kcRGwMx64c1zy4,4.3,714,2,https://www.le-st-cyr.fr/,17
Les Demoiselles Restaurant Paris 17,"23 Rue Léon Jost, 75017 Paris, France",ChIJP1mKHr5v5kcRuQ5dR4pjJEs,4.5,1088,2,http://lesdemoiselles.fr/,17
Le Dôme Villiers - Paris,"4 Av. de Villiers, 75017 Paris, France",ChIJDz4kiAVv5kcRP3sU-wLlmoU,4.3,3707,3,http://www.ledomevilliers-paris.com/,17
Le Petit Maillot,"269 Bd Pereire, 75017 Paris, France",ChIJNUkbr4xv5kcR0v8210KpqYk,4.5,312,N/A,N/A,17
CAFÉ LATERAL,"4 Av. Mac-Mahon, 75017 Paris, France",ChIJlwwDkOxv5kcRbaSJSKYoEgs,4.2,1549,3,https://cafelateral.com/fr,17
ANGELUS,"4 Pl. de la Prte de Champerret, 75017 Paris, France",ChIJoyPSvAlv5kcRvCg1oFIq_1s,4.1,455,N/A,http://angelus-paris.fr/fr,17
L'Endroit,"67 Place du Dr Félix Lobligeois, 75017 Paris, France",ChIJL05E5bFv5kcRmjyrcmqYNig,4.4,1615,2,https://lendroit-batignolles.fr/,17
Le Ballon des Ternes,"103 Av. des Ternes, 75017 Paris, France",ChIJu8ChRpNv5kcRU-XUciQ57P4,3.9,532,2,https://www.restaurantsparisiens.com/le-ballon-des-ternes/,17
Bistrot MÔM,"4-6 Rue Pierre Demours, 75017 Paris, France",ChIJAUeN9ZJv5kcR-oNIMK-dZC8,4.2,792,2,http://www.momrestaurant.fr/,17
Brasserie Barbès,"2 Bd Barbès, 75018 Paris, France",ChIJ4f7h_mhu5kcRtb3IkgcT7pU,4.4,5757,2,http://brasseriebarbes.com/,18
Bouillon Pigalle,"22 Bd de Clichy, 75018 Paris, France",ChIJVb7Sx0Vu5kcR5gDcYjssPWw,4.6,36872,1,https://bouillonlesite.com/bouillon-pigalle,18
La Brasserie Chapelle,"2 Rue de la Chapelle, 75018 Paris, France",ChIJMSTnG31v5kcRgRKgunW6pXE,4.1,127,N/A,N/A,18
Cafe Francoeur,"129 Rue Caulaincourt, 75018 Paris, France",ChIJT7f3blxu5kcRjiC5XDzFLas,4.4,1503,2,http://module.lafourchette.com/fr_FR/module/711293-85968,18
L'Atelier Ramey,"23 Rue Ramey, 75018 Paris, France",ChIJiSdPY11u5kcRy-YrNzR2Ok4,4.8,1156,2,http://www.atelier-ramey.com/,18
Au Relais,"48 Rue Lamarck, 75018 Paris, France",ChIJP4peY1xu5kcRnN70piFF7ms,4.5,1010,2,https://aurelais.fr/,18
Bistro L'Olivier,"88 Rue Ordener, 75018 Paris, France",ChIJrf5fwF5u5kcRIsOwUSxNsWk,4.8,1311,2,https://www.lolivierparis.fr/,18
Chez Pradel,"168 Rue Ordener, 75018 Paris, France",ChIJ85emdFdu5kcR5gtx5HsSvSQ,4.7,1142,2,N/A,18
Le Jules Jo - Paris 18,"28 Rue Hermel, 75018 Paris, France",ChIJn_VTZF5u5kcRd5FwoPb19xE,4.4,1362,2,https://www.julesjo.com/,18
Au Bon Coin,"49 Rue des Cloys, 75018 Paris, France",ChIJq2o7wFlu5kcRrKsJWQ-7caE,4.5,1389,1,N/A,18
Les copains d’abord,"35 Rue Véron, 75018 Paris, France",ChIJ55FL6apv5kcRv-HGGFkKR4g,4.9,112,N/A,N/A,18
Le Café de la Poste,"76 Rue Damrémont, 75018 Paris, France",ChIJ5XgyS1du5kcR4bQYPBtIfG0,4.4,968,2,http://www.cafelaposte.fr/,18
Chez Clara,"6 Pl. Albert Kahn, 75018 Paris, France",ChIJZyps819u5kcRddJm7FXVq9E,4.5,251,1,N/A,18
Brasserie Bellanger,"140 Rue du Faubourg Poissonnière, 75010 Paris, France",ChIJLzkwDG5v5kcR4iljevWUw_M,4.7,4055,2,https://nouvellegardegroupe.fr/,10
La Bohème du Tertre,"2 Pl. du Tertre, 75018 Paris, France",ChIJIYwfskRu5kcRw-RHkaHmdtM,3.5,1662,3,https://labohememontmartre.fr/,18
La Bohème Montmartre,"2 Pl. du Tertre, 75018 Paris, France",ChIJzw9_Vltu5kcRA-eWn_V2xAY,4,187,N/A,http://www.labohememontmartre.fr/,18
Le Sancerre,"35 Rue des Abbesses, 75018 Paris, France",ChIJ61KrbEVu5kcRNtFbrBic-IM,4,2010,2,http://lesancerreparis.com/,18
Bistrot Chez Soi,"140 Av. de Saint-Ouen, 75018 Paris, France",ChIJFwIUZaJv5kcRRHeiDJU2q-8,4.7,294,2,http://www.bistrot-chez-soi.fr/,18
Le Sanglier Bleu,"102 Bd de Clichy, 75018 Paris, France",ChIJn7wNYE5u5kcR0DlewcPHvrw,4.7,1278,2,http://www.lesanglierbleu.com/,18
Aux Dés Calés 18 - Moreau,"11 Rue Hégésippe-Moreau, 75018 Paris, France",ChIJ47yYyM9v5kcRudbc7cNLWf0,4.6,388,2,http://auxdescales18.fr/,18
Brasserie Les Buttes Chaumont,"38 Av. Simon Bolivar, 75019 Paris, France",ChIJq6oOf8Jt5kcRdlWz18lTG8k,4.3,321,2,https://www.instagram.com/lesbutteschaumont/,19
Le Napoléon III,"1 Pl. Armand Carrel, 75019 Paris, France",ChIJY1QRwsRt5kcRzv52lZ_m00o,4,709,2,http://napoleon-3.com/privatisation/,19
Chez JJ,"174 Av. Jean Jaurès, 75019 Paris, France",ChIJeat39Xxt5kcRpsOyzJ33E5k,4.7,771,2,N/A,19
Brasserie de l'Ourcq,"159 Av. Jean Jaurès, 75019 Paris, France",ChIJF5hYM89t5kcRX0vZg8NEFfw,4.5,85,N/A,N/A,19
La Forge,"26 Av. Mathurin Moreau, 75019 Paris, France",ChIJeQOQYt5t5kcRdED9MgfQekU,4.7,1024,2,https://laforge-paris.fr/fr,19
Côté Canal,"5 Quai de la Seine, 75019 Paris, France",ChIJ6axZcdht5kcRmyv03e5bHGs,4.4,544,1,http://cote-canal-paris.fr/,19
Le passage à niveau,"2A Rue de l'Ourcq, 75019 Paris, France",ChIJS9MpyiVt5kcRRToZXBI3h7Y,4.4,772,1,N/A,19
Jeannette,"143 Av. Jean Jaurès, 75019 Paris, France",ChIJwxEz76Nt5kcRIl3qWIRI-Bc,4.7,287,2,N/A,19
Les Bancs Publics,"2 Rue de Nantes, 75019 Paris, France",ChIJd0bF1M1t5kcRh_G6Uho2coA,4.5,1534,2,https://les-bancs-publics-restaurant-paris.eatbu.com/,19
Les Frères Laumière,"3 Av. de Laumière, 75019 Paris, France",ChIJcbkLwwVt5kcRxJtPpiZmdS8,4.7,548,2,https://lesfrereslaumiere.fr/,19
Brasserie de l'Être,"7 ter Rue Duvergier, 75019 Paris, France",ChIJrbcPFtFt5kcR-bsAvG-KVtQ,5,51,N/A,https://brasseriedeletre.paris/,19
Le Pavillon Du Lac,"Rue Manin, 75019 Paris, France",ChIJ3em1p8Rt5kcRoSVL-kuqADw,4.1,1364,2,http://www.facebook.com/lepavillondulacbutteschaumont?utm_source=gmb,19
Le Pavillon des Canaux,"39 Quai de la Loire, 75019 Paris, France",ChIJ5YzMRNBt5kcRube978t86bo,4.3,3365,2,http://www.pavillondescanaux.com/,19
Brasserie Chez Félix,"4 Av. Corentin Cariou, 75019 Paris, France",ChIJFeLJQM1t5kcRGqN6zk8dpZc,4.1,141,N/A,https://brasseriefenix.metro.rest/,19
Le Bastringue,"67 Quai de la Seine, 75019 Paris, France",ChIJ34Lr49Bt5kcRC4KK7QvBZ5A,4.4,1923,2,https://le-bastringue.eatbu.com/?lang=fr,19
Le Formidable,"2 Av. Jean Jaurès, 75019 Paris, France",ChIJLTlc7dht5kcRA5L0Hbv7RH8,4,1003,2,N/A,19
Au Comptoir Du Temps,"35 Av. Corentin Cariou, 75019 Paris, France",ChIJKXr6GzNs5kcRgsbEKogs7kU,4.6,1142,2,https://wiicmenu-qrcode.com/app/restaurantWebSite.html?resto=190,19
Le Bellerive,"71 Quai de la Seine, 75019 Paris, France",ChIJdZxaPDRt5kcRiQH23-rozXs,4,879,2,N/A,19
Aux Arts et Sciences Réunis,"161 Av. Jean Jaurès, 75019 Paris, France",ChIJrQ_1zsht5kcRcXZBnpWXGkw,4.3,579,2,https://www.aux-arts-et-aux-sciences.com/,19
Le Chaumontois,"12 Rue Armand Carrel, 75019 Paris, France",ChIJ37zR0sRt5kcR-tySWAQIXf0,4.6,261,1,https://www.privateaser.com/lieu/47671-le-chaumontois,19
Chantefable,"93 Av. Gambetta, 75020 Paris, France",ChIJZegKR5Bt5kcR0ordhe_JIxI,4.4,1279,2,http://chantefable.fr/,20
le Refuge,"107 Rue de Ménilmontant, 75020 Paris, France",ChIJx2newq1t5kcRDTc8VWHp1cY,4.7,172,N/A,https://linktr.ee/lerefugedemenilmontant,20
Brasserie des regards,"28 Rue de l'Ermitage, 75020 Paris, France",ChIJYR8Q-rNt5kcR1NZ3RgLwGeo,5,22,N/A,https://www.brasseriedesregards.fr/,20
Le Lagny,"25 Bd Davout, 75020 Paris, France",ChIJjc3j9n1y5kcRKsGXeLTryWY,4.6,244,1,https://lelagny.fr/fr,20
Brasserie Chacha,"150 Boulevard de Charonne, 75020 Paris, France",ChIJSXoYuw5t5kcR8xohSk6FlyU,4.6,312,N/A,https://www.privateaser.com/lieu/48909-brasserie-chacha,20
Bistrot Père,"10 Av. du Père Lachaise, 75020 Paris, France",ChIJ0YjjfUFt5kcRnfoK7ol-BsY,4.6,190,N/A,https://instagram.com/bistrotpere,20
Café Le Papillon,"144 Rue de Bagnolet, 75020 Paris, France",ChIJDXk7b4Rt5kcRIYzJLmKCrIU,4.6,1250,2,http://www.cafelepapillon.com/,20
Restaurant La Colline,"10 Rue Pixérécourt, 75020 Paris, France",ChIJo8qL85Vt5kcR_kORfYWZ0JM,4.7,541,N/A,https://www.restaurantlacolline.fr/,20
Bistrot du Métro,"10 Pl. Gambetta, 75020 Paris, France",ChIJQwmj1ZFt5kcR2F9oG149hPg,3.9,597,2,https://bistrotdumetro.fr/fr,20
Brasserie Du Quartier,"5 Rue du Dr Paquelin, 75020 Paris, France",ChIJSZFFEZpt5kcRXxZ4m3lPtPI,4.7,13,N/A,N/A,20
Les Mondes Bohèmes - Restaurant Paris 20,"31 Rue des Vignoles, 75020 Paris, France",ChIJF61Ck3dy5kcRsk9pykWY6zI,4.3,1190,2,https://www.mondesbohemes.com/,20
La Chope Saint Fargeau,"185 Av. Gambetta, 75020 Paris, France",ChIJ8UPSM-Fx5kcRqYHdHPUliaA,4.4,583,2,N/A,20
Le Clairon,"328 Rue de Belleville, 75020 Paris, France",ChIJJ09CRaJt5kcRiQaeOZJfM9k,4.4,423,1,http://leclairon.free.fr/,20
Aux Ours,"236 Rue des Pyrénées, 75020 Paris, France",ChIJscNxg5Ft5kcR2Nms9Ss5eAg,4,1140,1,https://www.auxours.com/,20
Le Zéphyr 20ème,"1 Rue du Jourdain, 75020 Paris, France",ChIJ8ywV6upt5kcR0UMxU4q1GQ4,4.1,762,2,https://le-zephyr.fr/fr,20
Le Comptoir,"30 Rue Villiers de l'Isle Adam, 75020 Paris, France",ChIJE_LNEJJt5kcRoX_YRuDM8uI,4.4,329,2,N/A,20
Ploc,"17 Rue Saint-Blaise 15, 75020 Paris, France",ChIJWzehlJdt5kcRiOrg9TDk9o4,4.7,106,N/A,https://www.instagram.com/bistroploc?igsh=MW13anJ5ZWxzM2g3bw==,20
Le Mistral,"401 Rue des Pyrénées, 75020 Paris, France",ChIJF2O_JOpt5kcR5aO3RohbO08,4.3,479,2,http://le-mistral.lafourchette.rest/,20
Vieux Belleville,"12 Rue des Envierges, 75020 Paris, France",ChIJpXvr6utt5kcRbVJMCgSKy_Y,4.6,540,2,https://www.le-vieux-belleville.com/,20
L'entracte,"21 Rue Malte Brun, 75020 Paris, France",ChIJKcjnGI5t5kcR9yppM4u8bhA,4.6,439,2,http://www.lentractebistrot.fr/,20
