name,address,place_id,rating,reviews,price_level,website,arrondissement,street_name
le petit bouillon pharamond,"24 rue de la grande truanderie, 75001 paris, france",ChIJRcSln6lv5kcRlLWcSVj4QGE,4.2,5331,2.0,http://www.petitbouillonpharamond.com/,1,rue de la grande truanderie
brasserie de la bourse,"27 rue jean-jacques rousseau, 75001 paris, france",ChIJLTXauyNu5kcRfE2jvCNL1Is,4.4,676,2.0,http://www.brasseriedelabourseparis.com/,1,rue jean-jacques rousseau
brasserie flottes,"2 rue cambon, 75001 paris, france",ChIJDeI4Jx9v5kcRItEpEe0E6jo,4.5,1454,2.0,http://brasserieflottes.fr/fr,1,rue cambon
brasserie du louvre - bocuse,"place andré malraux, paris, île-de-france, france, 75001, 75001 paris, france",ChIJUZFuuSVu5kcRfY5Fd2TUlRQ,4.1,656,3.0,https://www.hyattrestaurants.com/en/dining/france/paris/french-restaurant-in-avenue-de-l-opera-brasserie-du-louvre,1,andré malraux
brasserie l'émil,"55 rue saint-roch, 75001 paris, france",ChIJ_xOkpDpv5kcRk_YSe4UrbkI,4.3,142,,https://www.chateauvoltaire.com/restaurant,1,rue saint-roch
au pied de cochon,"6 rue coquillière, 75001 paris, france",ChIJQQtKZyJu5kcRhXhHvOUt3To,4.3,15586,3.0,https://www.pieddecochon.com//?utm_source=Google&utm_medium=GMB&utm_campaign=PDC&y_source=1_MTE2NjUxNzQtNzE1LWxvY2F0aW9uLndlYnNpdGU%3D,1,rue coquillière
french beer brasserie,"le carroussel du louvre, 99 rue de rivoli, 75001 paris, france",ChIJRcLNn2pv5kcRN2u1lYNevik,4.6,292,,https://foodcourtrivoli.fr/fr/restaurant-french-beer-brasserie/,1,carroussel du louvre
le café plume,"164 rue saint-honoré, 75001 paris, france",ChIJuU7q9iNu5kcRCujrCnNpmTU,4.2,1627,2.0,http://www.cafeplume-paris.fr/,1,rue saint-honoré
café joséphine,"3 pl. des deux ecus, 75001 paris, france",ChIJdd2yjVhv5kcR40Ab9Db4mBI,4.3,880,,http://www.cafe-josephineparis.fr/,1,pl. des deux ecus
le reynou,"2 quai de la mégisserie, 75001 paris, france",ChIJDTlxlR9u5kcRc_oRpz4I1-I,4.5,217,1.0,https://www.facebook.com/Le-Reynou-1560153544244921/,1,quai de la mégisserie
loup,"44, rue du louvre angle, rue coquillière, 75001 paris, france",ChIJI5p2_CJu5kcRgjL-oQSVlnE,4.2,1868,2.0,http://loup-paris.com/,1,
bistrot victoires,"6 rue de la vrillière, 75001 paris, france",ChIJpds8WyNu5kcR2FQvBHJLGZs,4.4,5581,1.0,http://www.paris-bistro.com/choisir/paris1/bistrot-des-victoires,1,rue de la vrillière
le baltard,"9 rue coquillière, 75001 paris, france",ChIJKSjlUyJu5kcR0vuxtfcCnwY,4.1,1084,2.0,https://lebaltard.com/,1,rue coquillière
chouchou,"23 bd de sébastopol, 75001 paris, france",ChIJHwzjqZJv5kcRCir2RjPAaKE,4.6,8270,2.0,http://www.restaurantchouchouparis.fr/,1,bd de sébastopol
au vieux comptoir,"17 rue des lavandières sainte-opportune, 75001 paris, france",ChIJgVHLCh9u5kcRTdrNgGB0JoI,4.6,853,3.0,https://www.au-vieux-comptoir.com/,1,rue des lavandières sainte-opportune
bistrot valois,"1 pl. de valois, 75001 paris, france",ChIJU8FNZiRu5kcRIEum9ZJ7ymA,3.9,595,2.0,https://bistrot-valois-paris.com/fr,1,pl. de valois
café de la régence,"167 rue saint-honoré, 75001 paris, france",ChIJtRRWgyVu5kcRtlep_4vBrdo,4.3,3238,2.0,https://menuonline.fr/cafedelaregencebis/coordonnees,1,rue saint-honoré
au chien qui fume‎‎,"33 rue du pont neuf, 75001 paris, france",ChIJ9UCeqhhu5kcRqy9I3duxap0,4.0,2500,2.0,https://www.auchienquifume.com/,1,rue du pont neuf
bistro les artizans,"30 rue montorgueil, 75001 paris, france",ChIJ_5qDXxhu5kcRiJhbIQOAZr4,4.4,1259,2.0,http://www.lesartizans.fr/,1,rue montorgueil
la rotonde st honoré,"10 rue des pyramides, 75001 paris, france",ChIJDTYHkS9u5kcRpwI5ndM1rM8,4.1,1513,2.0,http://www.larotondesthonore.com/,1,rue des pyramides
le zimmer,"1 pl. du châtelet, 75001 paris, france",ChIJI5HJsx9u5kcRJl41efCbOAw,4.1,1599,3.0,http://www.lezimmer.com/,1,pl. du châtelet
le nelson's - louvre,"16 rue coquillière, 75001 paris, france",ChIJl806WCJu5kcRj9u3cONSIhc,4.2,3553,2.0,https://nelsons.fr/,1,rue coquillière
le nemours,"2 à 7 galerie de nemours, 2 place colette, 75001 paris, france",ChIJvYAMtCVu5kcRmAVmbFzjizg,4.0,1957,2.0,http://www.lenemours.paris/,1,à 7 galerie de nemours
le fumoir,"6 rue de l'amiral de coligny, 75001 paris, france",ChIJw8kRaSFu5kcRFhLvX5DjiWY,4.4,3999,2.0,http://www.lefumoir.com/,1,rue de l'amiral de coligny
le passage saint honoré,"33 pl. du marché saint-honoré, 75001 paris, france",ChIJOe9rw7hv5kcR09_vDpvFrek,4.2,1465,2.0,https://lepassagesainthonore.fr/fr,1,pl. du marché saint-honoré
la fresque,"100 rue rambuteau, 75001 paris, france",ChIJS9BDHxlu5kcRV8z7tYkG2PQ,4.4,1723,2.0,http://lafresqueparis.com/,1,rue rambuteau
carpe diem café - paris,"21 rue des halles, 75001 paris, france",ChIJK5lZTx9u5kcRmu-l8JsycNg,4.4,1100,2.0,https://carpediem-cafe-paris.fr/,1,rue des halles
le relais du louvre,"3 rue du louvre, 75001 paris, france",ChIJlyYq1yNu5kcRS6_g26rTKGQ,4.6,984,2.0,https://lerelaisdulouvre.com/,1,rue du louvre
la robe et le palais,"13 rue des lavandières sainte-opportune, 75001 paris, france",ChIJa1dSnh9u5kcRg_jbgJoRQBU,4.5,951,2.0,https://www.robeetlepalais.fr/,1,rue des lavandières sainte-opportune
cafe saint honoré,"194 rue saint-honoré, 75001 paris, france",ChIJWe6kaiRu5kcRH_SM6yU7UYo,4.4,1862,2.0,https://cafe-saint-ho.fr/,1,rue saint-honoré
l'imprimerie,"29 rue coquillière, 75001 paris, france",ChIJReCEBiNu5kcRJIqTLjLS01Y,3.9,341,2.0,http://cafelimprimerie.fr/,1,rue coquillière
au bistro,"8 rue du marché saint-honoré, 75001 paris, france",ChIJIfLv0i9u5kcR_Mw1tnH7mJs,4.4,237,2.0,http://www.aubistroparis.fr/,1,rue du marché saint-honoré
brasserie maison rouge,"12 rue de la ferronnerie, 75001 paris, france",ChIJM_sjOx9u5kcRsopdBvqxIWM,4.1,1703,2.0,https://www.brasserie-maisonrouge.fr/,1,rue de la ferronnerie
le willi's wine bar,"13 rue des petits champs, 75001 paris, france",ChIJ9547tSRu5kcR60feMqgFLEk,4.3,588,2.0,http://www.williswinebar.com/,1,rue des petits champs
au terminus du châtelet,"5 rue des lavandières sainte-opportune, 75001 paris, france",ChIJvRsMmR9u5kcRybtiNZG2S7o,4.6,908,2.0,https://www.auterminusduchatelet.com/,1,rue des lavandières sainte-opportune
bistrot du jardin,"33 rue berger, 75001 paris, france",ChIJMS35GiJu5kcRNFJH5Orj-3A,4.1,782,2.0,https://bistrot-du-jardin.fr/,1,rue berger
brasserie dubillot,"222 rue st denis, 75002 paris, france",ChIJBy2KU1Fv5kcRPeBADiR3WzM,4.6,6637,2.0,https://nouvellegardegroupe.com/,2,rue st denis
vaudeville,"29 rue vivienne, 75002 paris, france",ChIJ0aVfcDBu5kcR2WJYeZ56XxI,4.4,3445,2.0,https://www.vaudevilleparis.com//?utm_source=Google&utm_medium=GMB&utm_campaign=VAU&y_source=1_MTE2NjUxODktNzE1LWxvY2F0aW9uLndlYnNpdGU%3D,2,rue vivienne
le grand colbert,"2 rue vivienne, 75002 paris, france",ChIJpbKdWjtu5kcRQDSu42z_j_A,4.2,2755,3.0,http://www.legrandcolbert.fr/,2,rue vivienne
brasserie rosie lou,"31 bd de bonne nouvelle, 75002 paris, france",ChIJE0OZV5Bv5kcRO85oMBPnrt8,4.7,2134,2.0,http://brasseriesalamode.com/,2,bd de bonne nouvelle
l’empire,"108 rue réaumur, 75002 paris, france",ChIJg-LMvxdu5kcR9r_8nQPVWdk,4.5,576,,https://www.lempirebrasserie.com/,2,rue réaumur
comme un bouillon,"17 rue de choiseul, 75002 paris, france",ChIJq0eNOGtv5kcRsZyscimIuoI,4.5,1128,1.0,http://www.commeunbouillon.com/,2,rue de choiseul
le mesturet,"77 rue de richelieu, 75002 paris, france",ChIJrZ7wnztu5kcRY2YMou4gGgs,4.4,2863,2.0,https://www.lemesturet.com/?utm_source=gmb,2,rue de richelieu
brasserie les petits carreaux,"17 rue des petits carreaux, 75002 paris, france",ChIJ04XikBdu5kcRkaY1wsg9qoY,4.2,1048,2.0,http://www.brasserielespetitscarreaux.com/,2,rue des petits carreaux
"l'entente, le british brasserie","13 rue monsigny, 75002 paris, france",ChIJrW2cYTpu5kcRJmiR0ES-zIs,4.3,1401,2.0,https://lentente.paris/,2,rue monsigny
capitole café,"105 bd de sébastopol, 75002 paris, france",ChIJz-VSnhBu5kcRl_8HHRfTPOY,4.3,1936,2.0,https://lecapitolecafe.wixsite.com/info,2,bd de sébastopol
le fief,"97 rue montmartre, 75002 paris, france",ChIJtwAnuahv5kcRfstdlxJAIV0,4.5,264,,https://www.lefiefbrasserie.fr/,2,rue montmartre
restaurant clémentine - bistrot terrasse paris 2,"5 rue saint-marc, 75002 paris, france",ChIJ373fPjxu5kcRwElpMLj9JfU,4.7,491,2.0,https://www.restaurantclementine.com/,2,rue saint-marc
brasserie madeleine,"39 bd de bonne nouvelle, 75002 paris, france",ChIJAVnGZBZu5kcRJx2XzUJ_XYM,3.5,643,2.0,http://www.brasseriemadeleine.fr/,2,bd de bonne nouvelle
brasserie le tambour,"41 rue montmartre, 75002 paris, france",ChIJO1gvpCJu5kcRPD3aJQKITbc,4.0,1973,2.0,https://menuonline.fr/letambour,2,rue montmartre
public house paris,"21 rue daunou, 75002 paris, france",ChIJpZfi4plv5kcRyh_s6_A8QeQ,4.5,1759,2.0,https://www.publichouseparis.fr/,2,rue daunou
gallopin,"40 rue notre dame des victoires, 75002 paris, france",ChIJyW6wknNv5kcRTdWzsViISUg,4.1,938,,https://gallopin.com/,2,rue notre dame des victoires
bistrot gisèle,"204 rue st denis, 75002 paris, france",ChIJjRACuBBu5kcRjykVvAb7GuM,4.4,217,,https://www.bistrotgisele.com/,2,rue st denis
le bistrot du croissant,"146 rue montmartre, 75002 paris, france",ChIJga0srz1u5kcRm7mXLvbURY8,4.1,724,1.0,http://www.bistrotducroissant.fr/,2,rue montmartre
le sancerre,"87 rue des archives, 75003 paris, france",ChIJG7vRzQVu5kcRZaktJ1pxfoo,4.2,1041,2.0,http://lesancerre3.com/,3,rue des archives
brasserie royal turenne paris,"24 rue de turenne, 75003 paris, france",ChIJBYLxMQBu5kcR_jMhtvwyx9Q,4.0,711,2.0,https://royalturenne.fr/,3,rue de turenne
l'adresse,"60 r. de turbigo, 75003 paris, france",ChIJ_SJMYgVu5kcRLzswyZK4qFc,4.2,580,2.0,http://www.brasserie-ladresse.fr/,3,r. de turbigo
le parisien saint-martin,"337 rue saint-martin, 75003 paris, france",ChIJNVJPRhBu5kcRcAZotrvhGxI,4.5,446,,https://leparisiensaintmartin.fr/,3,rue saint-martin
café des arts et métiers,"51 r. de turbigo, 75003 paris, france",ChIJQWzevBpu5kcR7vM4bjz4Chg,3.6,1937,2.0,https://ambre43.wixsite.com/my-site-2,3,r. de turbigo
le progrès marais,"1 rue de bretagne, 75003 paris, france",ChIJUTSf3wZu5kcRxi4TAJosukM,4.1,1113,2.0,https://www.leprogresmarais.fr/,3,rue de bretagne
balou paris 3,"9-11 rue aux ours, 75003 paris, france",ChIJeWycGJNv5kcRUfNFr8VBbMc,4.7,2664,2.0,https://www.brasseriebalou.fr/,3,rue aux ours
le joüy,"10 rue montgolfier, 75003 paris, france",ChIJf71uEelv5kcRH7g2q0_PQOI,4.9,472,,http://www.lejouyparis.fr/,3,rue montgolfier
sacré frenchy !,"58 bd de sébastopol, 75003 paris, france",ChIJTdiHcqxv5kcRVgEUqDEcnbY,4.6,1452,2.0,https://www.sacrefrenchy.com/,3,bd de sébastopol
brasserie rosie lou,"31 bd de bonne nouvelle, 75002 paris, france",ChIJE0OZV5Bv5kcRO85oMBPnrt8,4.7,2134,2.0,http://brasseriesalamode.com/,2,bd de bonne nouvelle
parcelles,"13 rue chapon, 75003 paris, france",ChIJ03vIR11v5kcRk5QReT9ivac,4.5,342,,https://www.parcelles-paris.fr/,3,rue chapon
le mazenay,"46 rue de montmorency, 75003 paris, france",ChIJvbCbVRpu5kcRfMWl3JeGW4s,4.6,495,3.0,http://www.lemazenay.com/,3,rue de montmorency
café du marché des enfants rouges,"37 rue de bretagne, 75003 paris, france",ChIJkaCK1VBv5kcR3fbLARdzbsw,4.0,355,2.0,https://wiicmenu-qrcode.com/app/offre.php?resto=870,3,rue de bretagne
cafe georgette paris,"202 rue saint-martin, 75003 paris, france",ChIJacrxZmVv5kcRXHF1elZ9404,4.1,347,,https://hotelgeorgette.com/fr/page/restaurant-paris-3eme-arrondissement.21036.html,3,rue saint-martin
bofinger,"5-7 rue de la bastille, 75004 paris, france",ChIJuYqiNwBy5kcRBjo0Df8Wpkc,4.3,9003,2.0,https://www.bofingerparis.com/?utm_source=Google&utm_medium=GMB&utm_campaign=BOF&y_source=1_MTE2NjUxODEtNzE1LWxvY2F0aW9uLndlYnNpdGU%3D,4,rue de la bastille
le ju',"16 rue des archives, 75004 paris, france",ChIJ62uOOx1u5kcRhQssBujerII,4.8,12485,2.0,https://www.instagram.com/leju_restaurant/,4,rue des archives
grande brasserie,"6 rue de la bastille, 75004 paris, france",ChIJ-2gmGJxz5kcR4TeT2GHQ59Y,4.4,827,,http://www.grandebrasserie.fr/,4,rue de la bastille
l'hirondelle - paris 4,"42 bd henri iv, 75004 paris, france",ChIJbx5jVqtz5kcRs9WcfbHolZ0,4.7,391,,https://wiicmenu-qrcode.com/app/offre.php?resto=1440,4,bd henri iv
au bourguignon du marais,"52 rue françois miron, 75004 paris, france",ChIJY2oZZf1x5kcRZTsJlVMjTOg,4.6,2939,2.0,http://aubourguignondumarais.fr/?utm_source=gmb,4,rue françois miron
les deux palais,"3 bd du palais, 75004 paris, france",ChIJIVhOliRu5kcRnyj3wbCBrmk,4.4,3034,2.0,https://www.brasserielesdeuxpalais.fr/,4,bd du palais
l'alsacien châtelet - restaurant / bar à flammekueches,"6 rue saint-bon, 75004 paris, france",ChIJu_io1h1u5kcRV737GjvtdwE,4.6,2865,2.0,https://www.lalsacien.com/restaurant-alsacien-paris/,4,rue saint-bon
les fous de l'ile,"33 rue des deux ponts, 75004 paris, france",ChIJRVHK6vxx5kcRuRbWm20W4NI,4.3,1498,2.0,https://lesfous.paris/,4,rue des deux ponts
paris beaubourg,"23 rue saint merri, 12 rue brisemiche, 75004 paris, france",ChIJ5cCBKkhv5kcRi87pu-J_fSc,4.3,974,,https://parisbeaubourg.fr/,4,rue saint merri
le saint-regis - paris,"6 rue jean du bellay, 75004 paris, france",ChIJ7ayOGeNx5kcReHHR9KTXiz0,4.4,2375,2.0,http://www.lesaintregis-paris.com/,4,rue jean du bellay
chez mademoiselle,"16 rue charlemagne, 75004 paris, france",ChIJQbXTwP1x5kcRr7XXex7JA2A,4.6,1226,2.0,http://chezmademoiselleparis.fr/fr,4,rue charlemagne
le beef burger steakhouse archives,"15 rue des archives, 75004 paris, france",ChIJK28Fg95v5kcRillgKZjRyd4,4.5,178,,https://beef.fr/,4,rue des archives
le trésor,"9 rue du trésor, 75004 paris, france",ChIJAZAKkwJu5kcRh8LXJESMNeI,4.1,1880,2.0,http://www.restaurantletresor.com/,4,rue du trésor
le trumilou,"84 quai de l'hôtel de ville, 75004 paris, france",ChIJQRaGlOJx5kcRlkk2qr32zWg,4.4,930,2.0,https://www.letrumilou.fr/,4,quai de l'hôtel de ville
le rempart bastille,"15 rue saint-antoine, 75004 paris, france",ChIJDf4jgf9x5kcRB6AIVMypZS4,4.7,3179,1.0,https://www.lerempartbastille.fr/,4,rue saint-antoine
bistrot marguerite,"1 pl. de l'hôtel de ville, 75004 paris, france",ChIJVccn-R1u5kcRF9FsB_tpRpk,4.1,2427,2.0,https://restaurant.digityser.com/83,4,pl. de l'hôtel de ville
le petit marcel,"65 rue rambuteau, 75004 paris, france",ChIJ_0Wm5Btu5kcRIRhQosDYhYw,4.1,1419,2.0,https://lepetitmarcelparis.fr/,4,rue rambuteau
grandcœur,"41 rue du temple, 75004 paris, france",ChIJkUOQ9Bxu5kcRWHpBtoWl0iA,4.4,1541,3.0,http://www.grandcoeur.paris/,4,rue du temple
le sully,"6 bd henri iv, 75004 paris, france",ChIJY5oZS_lx5kcRii4lQU3PQn4,4.1,392,2.0,http://www.lesully.com/,4,bd henri iv
bistrot la grange - restaurant paris 5,"17 rue lagrange, 75005 paris, france",ChIJSXaotuZx5kcRdYvJCOtJjCY,4.6,356,2.0,https://bistrot-la-grange.fr/,5,rue lagrange
bistro des lettres,"52 bd saint-germain, 75005 paris, france",ChIJI7jEef5x5kcRkWRFsJD96So,4.8,1178,,http://www.bistrodeslettres.com/,5,bd saint-germain
le balzar,"49 rue des écoles, 75005 paris, france",ChIJW-zV8t1x5kcRVQ2AiWJWpXw,4.1,678,2.0,http://www.brasseriebalzar.com/?utm_source=Google&utm_medium=GMB&utm_campaign=brasserie002,5,rue des écoles
brasserie le quartier général,"82 bd saint-germain, 75005 paris, france",ChIJay8JMudx5kcRkdMl7OdFdRk,4.2,1416,2.0,https://www.cafelequartiergeneral.com/,5,bd saint-germain
le bistrot du perigord,"71 rue saint-jacques, 75005 paris, france",ChIJG0s2Fedx5kcRY6Su2Sva7K8,4.6,915,2.0,https://www.lebistroduperigord.fr/,5,rue saint-jacques
au moulin à vent,"20 rue des fossés saint-bernard, 75005 paris, france",ChIJO9_c1eRx5kcRHOOxQmeood4,4.7,956,2.0,https://www.au-moulinavent.com/,5,rue des fossés saint-bernard
le duo d & s,"3 rue des feuillantines, 75005 paris, france",ChIJx1X8AcJx5kcRivskBjqpVrA,4.8,397,1.0,https://www.leduods.fr/,5,rue des feuillantines
l'orée du parc,"9 rue de l'abbé de l'épée, 75005 paris, france",ChIJF4ynYVVx5kcRijph_r5r-bU,4.4,143,,https://www.instagram.com/brasserie.loree.du.parc/,5,rue de l'abbé de l'épée
la petite périgourdine,"39 rue des écoles, 75005 paris, france",ChIJUyq75EZx5kcRM8tHPzSrDbk,4.3,1158,2.0,https://www.restaurantlapetiteperigourdine.com/,5,rue des écoles
au petit bistrot,"89 rue mouffetard, 75005 paris, france",ChIJEQ7wuu5x5kcRA1UJYfRTybA,4.4,890,2.0,https://www.wiictechnology.com/WiiC_clouds/offre.php?resto=529,5,rue mouffetard
la petite,"53 rue lacépède, 75005 paris, france",ChIJexdqMO9x5kcR-5F9JAfALbI,4.6,1158,,https://lapetite.mimohca.com/,5,rue lacépède
le vieux bistrot,"54 rue mouffetard, 75005 paris, france",ChIJCTXT1u5x5kcRl6466_sFOXc,4.6,1647,2.0,https://levieuxbistrot-paris.fr/,5,rue mouffetard
café restaurant jules,"119 bis rue monge, 75005 paris, france",ChIJc_aNNwBx5kcRuGMhYHbNvxk,5.0,129,,https://www.caferestaurantjules.fr/,5,bis rue monge
au bon coin,"21 rue de la collégiale, 75005 paris, france",ChIJr9UiBO1x5kcR44kL6JMcmww,4.5,892,2.0,http://www.auboncoin-bistrot.com/,5,rue de la collégiale
monk la taverne de cluny,"51 rue de la harpe, 75005 paris, france",ChIJ18XBA95x5kcR-01xNPx_X10,4.4,1496,2.0,https://monklatavernedecluny.com/,5,rue de la harpe
les baux de paris,"71 rue mouffetard, 75005 paris, france",ChIJU8BNx-5x5kcRNSC_roNvBRs,4.6,1177,2.0,https://www.instagram.com/lesbaux_paris/,5,rue mouffetard
brasserie des prés,"6 cr du commerce saint-andré, 75006 paris, france",ChIJm_Si8glx5kcRd7Uq3X0ww6k,4.7,3259,2.0,http://lanouvellegarde.com/,6,cr du commerce saint-andré
vagenende,"142 bd saint-germain, 75006 paris, france",ChIJjec9PNlx5kcREopbHGKZZ68,4.3,1555,2.0,http://www.vagenende.com/,6,bd saint-germain
le paris paris,"8 rue de montfaucon, 75006 paris, france",ChIJ77pfIr1x5kcRzLuURgOtMqg,4.4,825,2.0,http://www.leparisparis.fr/,6,rue de montfaucon
brasserie lutetia,"43 bd raspail, 75006 paris, france",ChIJOz7If5hx5kcRJ27muAb4VHY,4.3,725,,https://www.hotellutetia.com/fr/eat-drink/brasserie/,6,bd raspail
o'neil,"20 rue des canettes, 75006 paris, france",ChIJ-4wd8dlx5kcRpL6wEprqxLc,4.3,1647,2.0,https://www.brasserieoneil.com/,6,rue des canettes
brasserie des arts,"28 rue saint-andré des arts, 75006 paris, france",ChIJ-Wjoti9x5kcRok1nIizw4wg,4.5,616,,http://brasserie-des-arts.com/,6,rue saint-andré des arts
le choupinet,"58 bd saint-michel, 75006 paris, france",ChIJBaN9AwBx5kcRiSRrpHFLFbo,4.3,2861,2.0,http://www.lechoupinet.com/,6,bd saint-michel
le nesle - brasserie restaurant,"22 rue dauphine, 75006 paris, france",ChIJm5z0R99x5kcRUiesq8mFlEA,4.4,1026,2.0,https://brasserielenesle.fr/,6,rue dauphine
brasserie lipp,"151 bd saint-germain, 75006 paris, france",ChIJg3Rfgtdx5kcRQrfAZLTsDTw,4.1,5060,3.0,https://www.brasserielipp.fr/?utm_source=Google&utm_medium=GMB&utm_campaign=LI&y_source=1_MTE2NjUxNzEtNzE1LWxvY2F0aW9uLndlYnNpdGU%3D,6,bd saint-germain
chez fernand,"13 rue guisarde, 75006 paris, france",ChIJ-1qyjdlx5kcRMX6oCe8oXzg,4.5,1289,2.0,http://www.chezfernand-guisarde.com/,6,rue guisarde
la diva des prés,"79 rue de seine, 75006 paris, france",ChIJFxCm1Ylx5kcR3zje0Un7i10,4.3,1948,,https://www.ladivadespres.com/?utm_source=Google-Map&utm_medium=Fiche,6,rue de seine
camila,"5 rue mabillon, 75006 paris, france",ChIJ-bF0VAhu5kcRg7-tToTSzy0,4.4,1150,2.0,https://www.instagram.com/camilarestaurantparis/?hl=fr,6,rue mabillon
le bistro des augustins,"39 quai des grands augustins, 75006 paris, france",ChIJ4zpdo99x5kcRn-0vKiMMPhU,4.4,1994,1.0,https://www.facebook.com/pages/Bistrot-Des-Augustins/106726426061804,6,quai des grands augustins
côté saint-germain,"150 bd saint-germain, 75006 paris, france",ChIJM9Qy8C1x5kcRIkFzKs6oBYQ,4.5,392,,http://cote-saint-germain-restaurant-paris.eatbu.com/,6,bd saint-germain
le hibou,"16 carr de l'odéon, 75006 paris, france",ChIJcdW-rN5x5kcRBFdxGa1YqaE,3.9,2735,2.0,http://lehibou-paris.com/,6,carr de l'odéon
au vieux colombier,"65 rue de rennes, 75006 paris, france",ChIJ1V3sNddx5kcRIDSs0iZW-Qo,4.1,821,2.0,http://auvieuxcolombier.fr/,6,rue de rennes
"huguette, bistro de la mer","81 rue de seine, 75006 paris, france",ChIJZ6UXGNlx5kcRkussL8qcmrI,4.4,2114,,http://www.huguette-bistro.com/,6,rue de seine
the moose,"16 rue des quatre vents, 75006 paris, france",ChIJN1e5UNlx5kcRik_KAqtw33g,4.4,3180,2.0,https://www.mooseparis.com/,6,rue des quatre vents
la terrasse du 7ᵉ,"2 pl. de l'école militaire, 75007 paris, france",ChIJVSYy3CZw5kcRgGfNwyyALUU,4.1,3419,3.0,https://www.laterrassedu7.com/,7,pl. de l'école militaire
la fontaine de mars,"129 rue saint-dominique, 75007 paris, france",ChIJ_dBPoN9v5kcRt2CYxV1xzrM,4.4,2092,3.0,https://www.fontaine-de-mars.com/,7,rue saint-dominique
au canon des invalides,"54 rue saint-dominique, 75007 paris, france",ChIJ1dH4yNlv5kcR5FwibHpyH4g,4.3,1104,2.0,https://au-canon-des-invalides.fr/,7,rue saint-dominique
les antiquaires,"13 rue du bac, 75007 paris, france",ChIJ6ZOtmylu5kcRzJA4aL1ZYLI,4.4,5489,2.0,http://lesantiquaires.net/,7,rue du bac
brasserie des ministères,"43 rue vaneau, 75007 paris, france",ChIJ110igixw5kcRGfci3dhj2Jw,4.3,151,2.0,https://diaro.eatbu.com/,7,rue vaneau
le bourbon,"1 pl. du palais bourbon, 75007 paris, france",ChIJJwPbZ9Rv5kcREMRrnxugdmU,4.3,2016,2.0,https://www.brasserie-bourbon.fr/,7,pl. du palais bourbon
bistro saint dominique,"131 rue saint-dominique, 75007 paris, france",ChIJKaLFod9v5kcRuo0gHWkGfzE,3.9,2061,3.0,http://www.bistrostdominique.com/,7,rue saint-dominique
le campanella,"18 av. bosquet, 75007 paris, france",ChIJxbIlEt9v5kcRHG64Ggs96bs,4.3,2053,2.0,https://lecampanella.com/,7,av. bosquet
café des ministères,"83 rue de l'université, 75007 paris, france",ChIJ7ei1YNRv5kcRRf7j0QY-e2g,4.6,433,2.0,https://www.cafedesministeres.fr/,7,rue de l'université
"le bosquet, restaurant","46 av. bosquet, 75007 paris, france",ChIJPV6btiBw5kcRAGVdYBI4MMk,4.1,949,2.0,http://www.bosquetparis.com/,7,av. bosquet
les cocottes,"135 rue saint-dominique, 75007 paris, france",ChIJU5JgmN9v5kcRPHf9BJWJqZs,4.2,2270,2.0,https://lescocottes.paris/,7,rue saint-dominique
brasserie de la tour eiffel,"2 av. de la bourdonnais, 75007 paris, france",ChIJFZYqE-Fv5kcRSNght0m79x0,3.7,3830,2.0,https://www.brasserietoureiffel.com/,7,av. de la bourdonnais
carmine café,"73 av. de suffren, 75007 paris, france",ChIJWbxjGCJw5kcRkH3b0lzVfeI,4.1,1816,2.0,https://carmine-cafe.fr/,7,av. de suffren
cocorico,"5 rue du bac, 75007 paris, france",ChIJUcFddSlu5kcRGmJnxeLzvG8,4.4,2165,2.0,http://lecocorico.paris/,7,rue du bac
riviera fuga,"10 port des invalides, 75007 paris, france",ChIJRQJBH5Fv5kcRFXwf6qpaz6E,4.8,3619,3.0,https://www.fugafamily.com/restaurants/riviera-fuga,7,port des invalides
le drop café,"36 rue de bellechasse, 75007 paris, france",ChIJo7gmySpu5kcRrLli9_fw0bY,4.1,791,2.0,https://www.instagram.com/ledropcafe/,7,rue de bellechasse
le bistrot des fables,"139 rue saint-dominique, 75007 paris, france",ChIJF6AjH95v5kcRNgU_zgW_fd0,4.5,190,,https://bistrotdesfables.fr/,7,rue saint-dominique
café concorde,"239 bd saint-germain, 75007 paris, france",ChIJ7alhZc1v5kcRtxCVbfAr_6Q,4.1,1032,2.0,https://cafeconcorde.fr/,7,bd saint-germain
brasserie l’alsace,"39 av. des champs-élysées, 75008 paris, france",ChIJUWoNhMNv5kcRV_ttmJ0DYFw,4.2,10217,3.0,https://www.restaurantalsace.com/?utm_source=Google&utm_medium=GMB&utm_campaign=ALS&y_source=1_MTE2NjUxNzAtNzE1LWxvY2F0aW9uLndlYnNpdGU%3D,8,av. des champs-élysées
brasserie pastis,"87 bd haussmann, 75008 paris, france",ChIJNY8pn31v5kcRTzHkhdndvbw,4.5,3571,2.0,https://www.brasseriepastis.fr/,8,bd haussmann
elysee st honore... cafe ..restaurant,"205 rue du faubourg saint-honoré, 75008 paris, france",ChIJPRR7qchv5kcRdQn5CNgD8Ew,4.2,1900,3.0,http://lelyseesainthonore.com/,8,rue du faubourg saint-honoré
brasserie la lorraine,"2 pl. des ternes, 75008 paris, france",ChIJFx3-JZVv5kcRbNWpjSMXP7g,4.2,3615,3.0,https://www.brasserielalorraine.com//?utm_source=Google&utm_medium=GMB&utm_campaign=LOR&y_source=1_MTE2NjUxNzItNzE1LWxvY2F0aW9uLndlYnNpdGU=,8,pl. des ternes
le drugstore,"133 av. des champs-élysées, 75008 paris, france",ChIJgfoVfI5v5kcRddBtmdEkm18,4.6,3562,,http://restaurant-le-drugstore.com/,8,av. des champs-élysées
brasserie des champs,"122 av. des champs-élysées, 75008 paris, france",ChIJ5eNCoXZv5kcRzGv8MFahhys,3.6,2298,2.0,https://www.brasserie-des-champs.com/,8,av. des champs-élysées
brasserie fouquet's paris,"99 av. des champs-élysées, 75008 paris, france",ChIJb1MgBMJv5kcROFQGTJ9L6SA,4.2,4497,4.0,https://www.hotelsbarriere.com/collection-fouquet-s/paris/restaurants-et-bars/brasserie-fouquet-s-paris,8,av. des champs-élysées
le griffonnier,"8 rue des saussaies, 75008 paris, france",ChIJt8slps5v5kcRsaiKP9uhiCE,4.6,208,,https://www.legriffonnier.com/,8,rue des saussaies
brasserie lazare paris,"rue intérieure, 75008 paris, france",ChIJAbPJYTVu5kcRuFw8L6Iuy6M,4.1,2754,3.0,http://lazare-paris.fr/,8,intérieure
le bistro marbeuf,"21 rue marbeuf, 75008 paris, france",ChIJjZtAHsNv5kcRP99Tgp1gods,4.1,2342,2.0,http://bistromarbeuf.fr/,8,rue marbeuf
brasserie de l'europe (tabac),"11 rue de lisbonne, 75008 paris, france",ChIJZTmXMbZv5kcRoB2P9LZEo8I,4.3,185,2.0,https://www.brasseriedeleurope.fr/,8,rue de lisbonne
le george v,"1 av. george v, 75008 paris, france",ChIJbWkYat1v5kcRAmoF7XKI25Y,3.9,2594,2.0,http://www.legeorgevcafe.fr/,8,av. george v
le café de paris,"45 av. de friedland, 75008 paris, france",ChIJIXf-s-tv5kcRuUFrGADIzeM,3.9,2028,2.0,https://restaurant-lecafedeparis.com/,8,av. de friedland
le président,"59 av. franklin delano roosevelt, 75008 paris, france",ChIJuchRxcVv5kcRfPU8M3k9f9g,4.2,537,2.0,https://lepresident.paris/,8,av. franklin delano roosevelt
le mess,"16 rue des saussaies, 75008 paris, france",ChIJGwABUV5v5kcR6sukDbEnzgo,4.7,92,,https://www.lemessrestaurant.com/,8,rue des saussaies
beauvau saint-honoré,"4 rue des saussaies, 75008 paris, france",ChIJe-r2pM5v5kcRuS0poG54HDI,4.4,419,2.0,https://beauvau-saint-honore.eatbu.com/?lang=fr,8,rue des saussaies
triadou haussmann,"80 bd haussmann, 75008 paris, france",ChIJoRNc4jRu5kcRjIC3RtdeETc,3.8,2959,3.0,http://triadou-haussmann.fr/fr,8,bd haussmann
beaucour à la folie,"16 av. hoche, 75008 paris, france",ChIJC1qdWj5v5kcRh9VuT2Yzz5M,4.8,335,,https://www.cafebeaucourfolie.fr/,8,av. hoche
grand café capucines,"4 bd des capucines, 75009 paris, france",ChIJkx1IsDBu5kcRkKzFD4HjFMc,4.2,7500,3.0,https://www.legrandcafe.com//?utm_source=Google&utm_medium=GMB&utm_campaign=GCC&y_source=1_MTE2NjUxODUtNzE1LWxvY2F0aW9uLndlYnNpdGU%3D,9,bd des capucines
au petit riche,"25 rue le peletier, 75009 paris, france",ChIJiS_6Fjlu5kcRlTC1oqEVTac,4.4,1776,3.0,http://www.restaurant-aupetitriche.com/,9,rue le peletier
les fils à maman grands-boulevards,"7 bis rue geoffroy-marie, 75009 paris, france",ChIJazN5UT5u5kcRELPsC-EbGoQ,4.6,3211,2.0,https://www.lesfilsamaman.com/restaurants/paris-grands-boulevards/?utm_source=google&utm_medium=organic&utm_campaign=mybusiness-website,9,bis rue geoffroy-marie
restaurant la petite charlotte,"47 rue notre dame de lorette, 75009 paris, france",ChIJI4AbkjZv5kcRkQJhobocIk8,4.8,469,,https://lapetitecharlotterestaurant.fr/,9,rue notre dame de lorette
royal trinité,"59 rue de châteaudun, 75009 paris, france",ChIJ0Sj2LDZu5kcR8ZYTT2SRqk8,3.1,2426,2.0,http://leroyaltrinite.fr/,9,rue de châteaudun
chez gustave,"6 pl. gustave toudouze, 75009 paris, france",ChIJwb-HWkZu5kcRRpcuGRdMDYQ,4.2,607,,https://r.yonev.com/store/60,9,pl. gustave toudouze
les bacchantes,"21 rue de caumartin, 75009 paris, france",ChIJpT1j9zNu5kcRQ9Nz9W8sXwQ,4.3,967,2.0,http://www.lesbacchantes.fr/,9,rue de caumartin
le p'tit piano,"26 rue cadet, 75009 paris, france",ChIJg5DO-ypv5kcRLo19dFCDJ6w,4.7,1508,2.0,https://leptitpianobar.fr/,9,rue cadet
les canailles,"25 rue la bruyère, 75009 paris, france",ChIJx4MygUhu5kcRMypVhd_iT8E,4.7,945,2.0,https://www.restaurantlescanailles.fr/en-salle/,9,rue la bruyère
bistrot du 9ème,"1 rue frochot, 75009 paris, france",ChIJJVWoe0Zu5kcRdkA-E3ewHz8,3.7,813,2.0,https://www.reservateur.fr/etablissement/599/Bistrot-du-9%C3%A8me,9,rue frochot
le petit cadet,"9 rue cadet, 75009 paris, france",ChIJuc6GCz9u5kcRS3d-UkLySso,4.3,1118,2.0,http://lepetitcadet-paris.fr/fr,9,rue cadet
bistrot rougemont,"10 rue rougemont, 75009 paris, france",ChIJUcfEzl5v5kcRMnJEpWQ0ST8,4.7,720,2.0,http://www.bistrot-rougemont.fr/,9,rue rougemont
bourgogne sud,"14 rue de clichy, 75009 paris, france",ChIJqQhQkklu5kcRBWxiLYpzgew,4.5,1251,2.0,https://bourgogne-sud-paris.fr/,9,rue de clichy
le savarin,"4 rue de navarin, 75009 paris, france",ChIJ6RjR3EZu5kcR9KkHdeYEqbk,4.7,691,3.0,https://www.lapantruchoise.com/lesavarin,9,rue de navarin
poni,"24 rue saint-lazare, 75009 paris, france",ChIJ__9Pj0du5kcRJl4tnbeHmvA,4.8,2248,2.0,https://poni-bistro.eatbu.com/?lang=fr#reservation,9,rue saint-lazare
brasserie bellanger,"140 rue du faubourg poissonnière, 75010 paris, france",ChIJLzkwDG5v5kcR4iljevWUw_M,4.7,4055,2.0,https://nouvellegardegroupe.fr/,10,rue du faubourg poissonnière
brasserie floderer,"7 cr des petites écuries, 75010 paris, france",ChIJUcm-vxNu5kcRBE4e7wFBAPE,3.9,1360,3.0,http://www.floderer-paris.com/,10,cr des petites écuries
louisette,"8 boulevard st denis, 75010 paris, france",ChIJC_LUShdv5kcRJg8SUEkor_Y,4.7,4517,,https://www.louisette-paris.com/,10,boulevard st denis
terminus nord,"23 rue de dunkerque, 75010 paris, france",ChIJl5CSSmxu5kcRpmSb14jQGxA,4.2,4832,2.0,https://www.terminusnord.com//?utm_source=Google&utm_medium=GMB&utm_campaign=TN&y_source=1_MTE2NjUxODItNzE1LWxvY2F0aW9uLndlYnNpdGU%3D,10,rue de dunkerque
bouillon chartier,"5 rue du 8 mai 1945, 75010 paris, france",ChIJO77c9RRv5kcRL-TBSE082ec,4.6,7480,1.0,https://www.bouillon-chartier.com/,10,rue du 8 mai 1945
brasserie riviera,"118 rue la fayette, 75010 paris, france",ChIJ3Soa7Jtv5kcRb7j3JknTXDM,4.3,620,,http://www.lariviera.paris/,10,rue la fayette
les rupins - restaurant parisien,"35 bd de magenta, 75010 paris, france",ChIJ38_szA1u5kcRtZZK4AhbCpQ,4.6,3138,2.0,http://www.lesrupins.fr/,10,bd de magenta
bouillon julien,"16 rue du faubourg saint-denis, 75010 paris, france",ChIJg8kIZRFu5kcRULZqe9xS-a0,4.1,7626,2.0,https://www.bouillon-julien.com/,10,rue du faubourg saint-denis
le prévoyant,"79 bd de magenta, 75010 paris, france",ChIJny9btRJu5kcRjoMr88Yz9gs,4.2,705,2.0,https://www.wiictechnology.com/WiiC_clouds/offre.php?resto=243,10,bd de magenta
la ville de provins,"74 bd de strasbourg, 75010 paris, france",ChIJHcV-UA1u5kcRBbIajeOZSDc,4.3,814,2.0,http://www.lavilledeprovins.com/,10,bd de strasbourg
la maison bleue,"7 pl. franz liszt, 75010 paris, france",ChIJvX0Tbmtu5kcRFaw-9J09e4k,4.3,1407,2.0,http://www.lamaisonbleue.paris/,10,pl. franz liszt
brasserie de l'hôtel du nord,"102 quai de jemmapes, 75010 paris, france",ChIJN_VadQtu5kcRLwEl3jggM4s,4.3,1225,2.0,https://www.hoteldunordparis.com/,10,quai de jemmapes
valma brasserie provençale,"45 quai de valmy, 75010 paris, france",ChIJ3eIklglu5kcRpX9JYrT_Vlc,4.4,1168,2.0,https://www.brasserie-valma.fr/,10,quai de valmy
le robinet d'or restaurant & bar canal saint martin,"7 rue eugène varlin, 75010 paris, france",ChIJh2Be_stv5kcRtJeuWexCZm0,4.6,311,2.0,http://lerobinetdor.com/,10,rue eugène varlin
the place to... gare de l'est - restaurant pub paris 10,"131 rue du faubourg saint-martin, 75010 paris, france",ChIJH1_HQWJv5kcRlsLG7J1YW14,4.4,1224,2.0,https://www.theplaceto.paris/,10,rue du faubourg saint-martin
l'amour vache,"2 bd de bonne nouvelle, 75010 paris, france",ChIJj_s4SxFu5kcRL6aXemtgYcY,4.3,1533,2.0,https://wiicmenu-qrcode.com/app/restaurantWebSite.html?resto=1275,10,bd de bonne nouvelle
au comptoir,"9 rue de la grange aux belles, 75010 paris, france",ChIJ7S0Roltv5kcR5UOh0qbnRFc,4.2,297,,https://www.brasserieaucomptoir.fr/,10,rue de la grange aux belles
bloom garden restaurant & bar à cocktails,"23 r. du château landon, 75010 paris, france",ChIJA1n6SqJv5kcRjEMCcj0PbI4,4.8,83,,https://bloomhouse-hotel.com/restaurant/,10,r. du château landon
brasserie martin,"24 rue saint-ambroise, 75011 paris, france",ChIJuU_y2Spt5kcR4zgRjp_YWEc,4.6,3993,2.0,https://nouvellegardegroupe.com/,11,rue saint-ambroise
brasserie rosie,"53 rue du faubourg saint-antoine, 75011 paris, france",ChIJpxiIIGdz5kcRw6DgrF-erAA,4.7,5441,2.0,https://brasseriesalamode.com/,11,rue du faubourg saint-antoine
les cuivres - restaurant paris 11,"68 av. de la république, 75011 paris, france",ChIJV7dl_6Bt5kcRLQZuKu0QYiA,4.6,1505,2.0,http://www.lescuivresparis.com/,11,av. de la république
la robe de la girafe - bistro paris 11,"5 rue froment, 75011 paris, france",ChIJ2ygHt_ht5kcRJT3rpsBU2sQ,4.5,1157,2.0,https://www.larobedelagirafe.com/,11,rue froment
le bistrot du peintre,"116 av. ledru rollin, 75011 paris, france",ChIJ2ZYOZAty5kcRVaUKv_HxrWI,4.4,680,2.0,http://www.bistrotdupeintre.com/,11,av. ledru rollin
charbon café,"109 rue oberkampf, 75011 paris, france",ChIJfU98SuVt5kcRfFDi5Uj6u6Q,4.2,1917,2.0,http://www.lecafecharbon.fr/,11,rue oberkampf
grand café bataclan,"50 bd voltaire, 75011 paris, france",ChIJu1DtVvxt5kcRqHa5XRn0Sis,4.4,261,,http://www.grandcafebataclan.com/,11,bd voltaire
bistrot paul bert,"18 rue paul bert, 75011 paris, france",ChIJnYPdmaZz5kcR80ulUF3wtjQ,4.3,1398,,https://bistrotpaulbert.fr/,11,rue paul bert
falstaff,"10-12 pl. de la bastille, 75011 paris, france",ChIJq1z05ABy5kcRoVEvXvE8i6Q,4.0,3340,,https://falstaffcafe.fr/,11,pl. de la bastille
bistro k,"140 rue de la roquette, 75011 paris, france",ChIJT7MSpWlt5kcR2PhBhXwPJxE,4.9,94,,https://instagram.com/bistro_k_75011?igshid=YTQwZjQ0NmI0OA==,11,rue de la roquette
a la renaissance,"87 rue de la roquette, 75011 paris, france",ChIJbSGWjvdt5kcRTZPgPTeuDPA,4.3,464,2.0,https://www.wiictechnology.com/WiiC_clouds/offre.php?resto=407,11,rue de la roquette
la bonne bière,"32 rue du faubourg du temple, 75011 paris, france",ChIJDTLm1wlu5kcRyjzp_OKbLu4,4.0,2175,2.0,http://www.alabonnebiere.com/,11,rue du faubourg du temple
la poulette de grain,"261 rue du faubourg saint-antoine, 75011 paris, france",ChIJFVHlmwxy5kcRb-DbIbw-RXg,4.5,894,2.0,https://lapoulettedegrain.fr/fr,11,rue du faubourg saint-antoine
la fine mousse,"6 av. jean aicard, 75011 paris, france",ChIJBajpzPFt5kcR_n4amMZrFbk,4.5,1934,2.0,http://www.lafinemousse.fr/,11,av. jean aicard
le bec salé,"119 rue de la roquette, 1 rue pétion, 75011 paris, france",ChIJizAcJPRt5kcRq5XuOmNlo-g,4.6,571,1.0,http://lebecsale.eatbu.com/,11,rue de la roquette
brasserie au métro oberkampf,"19 rue de malte, 75011 paris, france",ChIJX6Ueaf1t5kcRVzbXSKA_kwo,3.8,910,2.0,https://www.aumetro-oberkampf.fr/,11,rue de malte
la petite place paris 12,"202 rue du faubourg saint-antoine, 75012 paris, france",ChIJI4q2LW1z5kcRQEp5PbYSftk,4.6,172,,https://cafelapetiteplace.fr/,12,rue du faubourg saint-antoine
the european,"21 bis bd diderot, 75012 paris, france",ChIJG8QItARy5kcR2o92U4mIRjc,4.1,4724,2.0,http://www.l-europeen.com/,12,bis bd diderot
au bois doree,"270 av. daumesnil, 75012 paris, france",ChIJMUU3tmBy5kcRzeL-OBA3wJI,4.8,480,2.0,http://www.auboisdoree.fr/,12,av. daumesnil
l'ébauchoir,"43-45 rue de cîteaux, 75012 paris, france",ChIJ37Xhzw5y5kcRr2FfxIiIF_w,4.7,1467,2.0,http://www.lebauchoir.com/,12,rue de cîteaux
l´angélique café,"125 rue de reuilly, 75012 paris, france",ChIJ_y7RSQ9z5kcR08cIJ5ZowKU,4.6,306,2.0,http://www.groupechouette.com/,12,rue de reuilly
café restaurant l’arrosoir,"75 av. daumesnil, 75012 paris, france",ChIJ61rG8A9y5kcRik7Xz5oN-MQ,4.0,1877,2.0,http://www.restaurant-larrosoir.com/,12,av. daumesnil
com' à la maison,"51 av. du dr arnold netter, 75012 paris, france",ChIJ_3X3WGNy5kcRpi5EI5laEQk,4.7,152,1.0,https://comalamaisonparis.com/,12,av. du dr arnold netter
la promenade,"32 av. daumesnil, 75012 paris, france",ChIJHTdkFgVy5kcR2bA56JIsfP8,4.4,863,2.0,https://www.facebook.com/LaPromenadeParis/,12,av. daumesnil
chez ma belle mère,"257 av. daumesnil, 75012 paris, france",ChIJ89jpMGdy5kcRn2PmhCdszhs,4.0,1946,2.0,http://menuonline.fr/chezmabellemere,12,av. daumesnil
"restaurant, bar , brasserie la tour, cuisine traditionnelle, paris gare de lyon , galerie gamma","193 rue de bercy, 75012 paris, france",ChIJH_pAExty5kcRlzSZi9qLGpA,4.5,506,,https://brasserie-la-tour-restaurant-paris.eatbu.com/,12,rue de bercy
le dalou,"30 pl. de la nation, 75012 paris, france",ChIJx-g2_3By5kcRmqpWnykXIT0,3.7,2966,2.0,https://www.brasserie-ledalou.fr/,12,pl. de la nation
le repaire,"100 av. daumesnil, 75012 paris, france",ChIJt7JoNBJy5kcRckUfq-q7E8I,4.4,753,1.0,https://www.lerepaire-restaurant.fr/,12,av. daumesnil
la cantine de daumesnil - restaurant paris 12,"119 rue de reuilly, 75012 paris, france",ChIJLfkxom5y5kcRimLiWd35rv0,4.3,693,2.0,https://www.facebook.com/lacantinededaumesnil/,12,rue de reuilly
le chevaleret - brasserie,"122 rue du chevaleret, 75013 paris, france",ChIJYTOknXFz5kcR63uZeaVo6Z0,4.6,178,,https://www.facebook.com/Le-Chevaleret-2226344361026883/,13,rue du chevaleret
chez trassoudaine,"3 pl. nationale, 75013 paris, france",ChIJr36aZSdy5kcRAddTio5dOrQ,4.8,1417,3.0,http://cheztrassoudaine.com/,13,pl. nationale
chez lili et marcel,"1 quai d'austerlitz, 75013 paris, france",ChIJKceE-xhy5kcRCulqReHFCuM,4.1,4213,2.0,http://www.chezlilietmarcel.com/,13,quai d'austerlitz
les affranchis,"98 rue de tolbiac, 75013 paris, france",ChIJ6yHMF4hx5kcRMOPGcynDBBc,4.3,1180,2.0,http://les-affranchis.paris/,13,rue de tolbiac
le quai brasserie,"192 av. de france, 75013 paris, france",ChIJP2vSeSlz5kcR4Jx3BF6ig6o,4.1,379,,http://brasserie-lequai.fr/,13,av. de france
l'age d'or,"26 rue du dr magnan, 75013 paris, france",ChIJiQepvIhx5kcRjn9X73FvFao,4.2,1182,2.0,http://www.lagedorparis.com/,13,rue du dr magnan
dudule,"205 bd vincent auriol, 75013 paris, france",ChIJJ-J8wRZx5kcRMqHPiufAO8Y,4.4,1236,2.0,https://www.cafedudule-paris.com/,13,bd vincent auriol
café jules,"2 rue bobillot, 75013 paris, france",ChIJLwvkCo5x5kcRWhEpKtaBTu4,4.4,2877,2.0,https://www.cafejules-paris.com/,13,rue bobillot
l'avenue,"120 av. de france, 75013 paris, france",ChIJg6wFsjxy5kcR3CfwT8tT7MI,3.5,1524,2.0,https://wiicmenu-qrcode.com/app/restaurantWebSite.php?resto=914,13,av. de france
le verbalon,"198 bis rue de tolbiac, 75013 paris, france",ChIJCWw0eUpx5kcRvEdNsedJ6yo,4.5,474,2.0,https://leverbalon.fr/,13,bis rue de tolbiac
bomby's café,"9 pl. d'italie, 75013 paris, france",ChIJ32dsNIxx5kcRY8DntGPt2iY,4.3,338,2.0,https://wiictechnology.com/WiiC_clouds/offre.php?resto=546,13,pl. d'italie
le débonnaire,"107 rue du chevaleret, 75013 paris, france",ChIJwdheZiNy5kcRSQysf6Y7lP0,4.3,968,2.0,http://www.ledebonnaire.fr/,13,rue du chevaleret
les frangins,"3 rue des gobelins, 75013 paris, france",ChIJazZ_zZJx5kcRsgsQEGJh6Mc,4.5,456,2.0,https://restaurant-les-frangins.fr/,13,rue des gobelins
l’audièrnes,"22 rue louise weiss, 75013 paris, france",ChIJKew0hiFy5kcRKidKwaWAKCg,4.4,304,,http://www.laudiernes.fr/,13,rue louise weiss
le limousin,"42 rue cantagrel, 75013 paris, france",ChIJGZJeECVy5kcRqLxoR1gp0Qk,4.6,1004,2.0,http://le-limousin-brasserie.fr/,13,rue cantagrel
maison péret - restaurant brasserie - rue daguerre,"6 rue daguerre, 75014 paris, france",ChIJXdQBKypx5kcRfOcgEE7W7Ug,4.5,490,2.0,https://www.maisonperet.com/fr/?utm_source=google&utm_medium=mybusiness,14,rue daguerre
félicie,"174 av. du maine, 75014 paris, france",ChIJm6EsEbRx5kcRH6fDdzGtCP4,4.4,1883,2.0,http://www.felicie.info/,14,av. du maine
au p'tit zinc,"2 rue des plantes, 75014 paris, france",ChIJ4Q62DbRx5kcRcyVkp26QEGk,4.6,700,2.0,http://au-p-tit-zinc.lany.io/,14,rue des plantes
brasserie partage,"79 rue didot, 75014 paris, france",ChIJp1NwddJx5kcRYrTwm9odg8U,4.7,320,,http://www.partagebrasserie.fr/,14,rue didot
la coupole,"102 bd du montparnasse, 75014 paris, france",ChIJYafZxs5x5kcRiDaXQXadCBY,4.4,12502,3.0,https://www.lacoupole-paris.com//?utm_source=Google&utm_medium=GMB&utm_campaign=COU&y_source=1_MTE2NjUxODQtNzE1LWxvY2F0aW9uLndlYnNpdGU=,14,bd du montparnasse
le petit sommelier de paris,"49 av. du maine, 75014 paris, france",ChIJK-0NQMtx5kcRT2guyXzQChc,4.1,1379,2.0,https://www.lepetitsommelierdeparis.com/,14,av. du maine
le jéroboam,"72 rue didot, 75014 paris, france",ChIJwXuqqk1w5kcRsKIDTpgRJzA,4.8,3645,2.0,http://www.lejeroboam.fr/,14,rue didot
l’essentiel - restaurant paris 14,"168 rue d'alésia, 75014 paris, france",ChIJvW_a_ktw5kcR-H-c9tgHuGQ,4.3,555,2.0,https://lessentiel-paris-14.fr/fr,14,rue d'alésia
bistrot basilic,"34 rue pierre larousse, 75014 paris, france",ChIJw1zvYgxx5kcR9PVaG9WbDEE,4.9,187,,https://bistrot-basilic-paris-14.fr/fr,14,rue pierre larousse
comptoir d'alésia,"125 rue d'alésia, 75014 paris, france",ChIJqaVIqrNx5kcRdPP_ysl_O74,4.2,443,2.0,https://www.comptoirdalesia.fr/?utm_medium=referral&utm_source=gmb&utm_campaign=lnk-gmb,14,rue d'alésia
brasserie le square,"198 rue raymond losserand, 75014 paris, france",ChIJZ6k6cUVw5kcRz8zaqk90GH8,4.2,218,,https://www.facebook.com/Brasserie-Le-Square-533091136868706/,14,rue raymond losserand
restaurant 14 juillet,"99 rue didot, 75014 paris, france",ChIJ554eu01w5kcRZkgiWHZiYqM,4.5,687,2.0,https://www.le14juillet.fr/,14,rue didot
les petits parisiens (bistrot de bons goûts),"49 av. jean moulin, 75014 paris, france",ChIJ65kTdVNx5kcRb34kg2awxac,4.5,221,,http://www.petits-parisiens.fr/,14,av. jean moulin
la contre allée,"83 av. denfert rochereau, 75014 paris, france",ChIJveLzibhx5kcRN9RVCDkac1U,4.7,200,,http://www.contreallee.net/,14,av. denfert rochereau
le petit broc,"206 bd raspail, 75014 paris, france",ChIJz3lcK89x5kcRsxTboX7MsPg,4.3,532,2.0,http://www.lepetitbroc.fr/,14,bd raspail
harper's paris 15,"46 bis bd du montparnasse, 75015 paris, france",ChIJ04fqLM1x5kcRwZp44k_mdCY,4.8,2849,2.0,http://www.harpers-restaurant.com/,15,bis bd du montparnasse
le café du commerce,"51 rue du commerce, 75015 paris, france",ChIJRQaWcBdw5kcRGyBbSZDLhk8,4.3,4799,2.0,http://www.lecafeducommerce.com/,15,rue du commerce
le felix faure paris,"85 av. félix faure, 75015 paris, france",ChIJQ3gFAQ1w5kcRHVK4HtcDSOE,4.5,269,2.0,https://le-felix-faure-paris-15.fr/fr,15,av. félix faure
comptoir principal,"29 bd de grenelle, 75015 paris, france",ChIJC912hxxw5kcRgZIlxediBHY,4.3,1297,2.0,https://www.comptoirprincipal.com/,15,bd de grenelle
le suffren,"84 av. de suffren, 75015 paris, france",ChIJ65TvOyJw5kcRaLuvK3Qgz7E,4.3,4641,2.0,https://www.instagram.com/lesuffrenparis,15,av. de suffren
l'argument,"121 rue de la convention, 75015 paris, france",ChIJtxL6RRJw5kcRHywELJ1Ry7M,4.3,1092,2.0,http://largument.fr/,15,rue de la convention
la gauloise paris,"59 av. de la motte-picquet, 75015 paris, france",ChIJ23IqeSJw5kcR2oPuQct1dXc,4.3,1182,2.0,"https://www.restaurantlagauloiseparis.fr/,",15,av. de la motte-picquet
brasserie l'apollinaire,"7 pont mirabeau, 75015 paris, france",ChIJE2TJOwhw5kcR36ghNnWaqIs,4.5,620,2.0,http://www.lapollinaire-restaurant.fr/,15,pont mirabeau
le pavillon paris 15,"53b av. de la motte-picquet, 75015 paris, france",ChIJAQCcZSJw5kcR60aF8piOLuk,4.4,739,2.0,https://lepavillon-paris.fr/fr,15,av. de la motte-picquet
brasserie lola,"99 rue du théâtre, 140 av. emile zola, 75015 paris, france",ChIJ-_3AVhdw5kcRWbjeGscubMY,4.3,849,2.0,https://menuonline.fr/brasserielola/carte-restaurant,15,rue du théâtre
au dernier métro,"70 bd de grenelle, 75015 paris, france",ChIJb0sY2htw5kcRlGBg7jp65Kg,4.2,1254,2.0,http://auderniermetro.fr/fr,15,bd de grenelle
frame,"22 rue jean rey, 75015 paris, france",ChIJvdsKwh1w5kcRBk29AGHlfQg,4.2,1528,2.0,https://www.framebrasserie.fr/,15,rue jean rey
le relais du 15ème,"78 av. emile zola, 75015 paris, france",ChIJvYi07Q9w5kcRjoSAOjD6g4Q,4.7,4148,2.0,https://www.relais15.com/,15,av. emile zola
bistro mon rêve,"68 av. félix faure, 75015 paris, france",ChIJ51Slow1w5kcRgXxLmK9Up5A,4.7,955,2.0,http://bistromonreve.fr/fr,15,av. félix faure
brewery laura,"44 rue paul barruel, 75015 paris, france",ChIJVVWpmjhw5kcRx5q-MlYY9-8,4.6,130,,https://brasserielaura.eatbu.com/,15,rue paul barruel
brasserie le convention,"200 rue de la convention, 75015 paris, france",ChIJSV80tWpw5kcRKelbbD14o-M,4.0,1223,2.0,http://convention-cafe.fr/,15,rue de la convention
le murmure fracassant,"108 rue de la convention, 75015 paris, france",ChIJXWdVDBJw5kcR-zNGYBRGR0M,4.3,1248,2.0,https://lemurmure.fr/,15,rue de la convention
l'intrigue,"24 pl. etienne pernet, 75015 paris, france",ChIJTaYiBPFx5kcRieC8D5ri8aw,4.6,115,,http://www.lintrigueparis.fr/,15,pl. etienne pernet
le lutèce,"274 rue lecourbe, 75015 paris, france",ChIJv9uu5xJw5kcRN4f153Pf0Hk,4.4,202,,https://reservateur.fr/etablissement/705/Le-Lut%C3%A8ce,15,rue lecourbe
auteuil brasserie,"78 rue d'auteuil, 75016 paris, france",ChIJEcNXrLB65kcR6leyh3yLQpk,4.1,8202,2.0,https://www.auteuil-brasserie.com/?utm_source=Google&utm_medium=GMB&utm_campaign=AUT&y_source=1_MTE2NjUxOTEtNzE1LWxvY2F0aW9uLndlYnNpdGU%3D,16,rue d'auteuil
le bistro de longchamp,"40 rue de longchamp, 75116 paris, france",ChIJQVmhK-Vv5kcRa7e0hGta-AQ,4.5,951,2.0,https://www.facebook.com/Le-Bistro-de-Longchamp-%C3%80-LHeure-De-Lisbonne--259033900465,16,rue de longchamp
la rotonde de la muette,"12 chau. de la muette, 75016 paris, france",ChIJa_51uFRl5kcRkuGS2GFCFEY,4.1,2093,2.0,http://www.rotondemuette.paris/,16,chau. de la muette
le passy,"2 rue de passy, 75016 paris, france",ChIJx4HOlP1v5kcRUY5nVu2bFH8,4.2,1054,2.0,https://lepassy.paris/,16,rue de passy
le bois,"29 rue bois le vent, 75016 paris, france",ChIJrSiQLKt65kcRfHHQMED54ZU,4.3,1142,2.0,http://www.restaurant-lebois.fr/,16,rue bois le vent
le cardinal,"5 pl. de la prte de saint-cloud, 75016 paris, france",ChIJN41FPcB65kcRR0c1FWQSirE,4.3,1254,3.0,http://lecardinalparis.com/,16,pl. de la prte de saint-cloud
bistrot le poincaré,"62 rue de longchamps, 22 av. raymond poincaré angle du, 75016 paris, france",ChIJhft5_vpv5kcRPl37csB1SmQ,4.3,1643,2.0,https://menuonline.fr/lepoincare,16,rue de longchamps
le stella,"133 av. victor hugo, 75016 paris, france",ChIJRcYOf_dv5kcRKbSYAwRYydE,3.9,942,3.0,http://www.lestella.fr/,16,av. victor hugo
brasserie victor hugo,"4 pl. victor hugo, 75016 paris, france",ChIJiWyX5NNv5kcRbb5gt7QvZ-Q,3.5,669,2.0,https://brasserievictorhugo-paris.com/,16,pl. victor hugo
petit victor hugo (pvh),"143 av. victor hugo, 75016 paris, france",ChIJM75MJPhv5kcR4UMSfRGhlQU,4.4,579,2.0,https://www.petitvictorhugo.fr/?y_source=1_MjY4MjIxMjEtNzE1LWxvY2F0aW9uLndlYnNpdGU%3D,16,av. victor hugo
le marceau,"39 av. marceau, 75016 paris, france",ChIJkawvVehv5kcR2YnlsYRz8RQ,4.0,1553,2.0,https://lecafemarceau.fr/?utm_source=Google-Map&utm_medium=Fiche,16,av. marceau
le flandrin,"4 pl. tattegrain, 75116 paris, france",ChIJfTHIxVZl5kcRWsoSezOFKAg,4.1,997,4.0,https://www.leflandrin.com/,16,pl. tattegrain
les fontaines,"219 av. de versailles, 75016 paris, france",ChIJcej_Hr565kcR8KtbXXXG0dc,3.9,868,3.0,https://www.lesfontainesparis.fr/,16,av. de versailles
le murat,"1 bd murat, 75016 paris, france",ChIJVa3oV7d65kcRakWaqJr1dj8,4.3,1433,3.0,http://www.restaurant-lemurat.com/,16,bd murat
la terrasse,"5 pl. de barcelone, 75016 paris, france",ChIJe9QQdKF75kcR1rOkqT9yFtM,4.4,1054,4.0,https://laterrasse-paris-16.fr/fr,16,pl. de barcelone
comptoir du 16,"24 boulevard exelmans, 75016 paris, france",ChIJUbP8M6N65kcRSjUpH_OdaHg,4.3,282,2.0,https://www.comptoirdu16.fr/,16,boulevard exelmans
le paris seize,"18 rue des belles feuilles, 75116 paris, france",ChIJJxUP7Plv5kcRDntnxEMf8XU,4.6,766,2.0,https://www.paris16-restaurant.com/,16,rue des belles feuilles
auberge dab,"161 av. de malakoff, 75116 paris, france",ChIJndJmvPRv5kcRvUnFPfOfmMw,4.2,1529,3.0,http://www.auberge-dab.com/,16,av. de malakoff
la maison,"28 pl. saint-ferdinand, 75017 paris, france",ChIJQdNLN41v5kcR0vzmEhZ8n8o,4.2,1325,2.0,https://menuonline.fr/lamaisonparis17,17,pl. saint-ferdinand
le diplomate paris 17,"110 bd de courcelles, 75017 paris, france",ChIJsQcIZJVv5kcRubdP_Kcbxnc,4.4,281,2.0,https://www.lediplomateparis17.com/?utm_source=google&utm_medium=wix_google_business_profile&utm_campaign=8677343980817302769,17,bd de courcelles
brasserie le moncey,"brasserie le moncey, 14 bd des batignolles, 75017 paris, france",ChIJ5aXm60xu5kcRSsQrTXqFMlQ,4.3,906,1.0,https://wiicmenu-qrcode.com/app/restaurantWebSite.html?resto=1265,17,le moncey
brasserie naï,"8 av. de la grande armée, 75017 paris, france",ChIJQQT1Vexv5kcRLZEM18nBEY0,4.3,1608,2.0,http://www.nai-brasserie.fr/,17,av. de la grande armée
break | restaurant paris 17 | terrasse | brunch paris,"119 bd pereire, 75017 paris, france",ChIJMX9Gqptv5kcR6qmjbN-UDKY,4.4,931,,https://www.break-paris.fr/,17,bd pereire
le paris 17,"41 rue guersant, 75017 paris, france",ChIJrdVn241v5kcRP9t539L1QoI,4.7,695,2.0,http://www.restaurant-paris17.fr/,17,rue guersant
brasserie le paris rome,"62 bd des batignolles, 75017 paris, france",ChIJd7UGeLNv5kcR3tYKyrigq3s,3.9,432,2.0,https://lor.paris/p/le-paris-rome-paris/accueil,17,bd des batignolles
le congrès maillot,"80 av. de la grande armée, 75017 paris, france",ChIJKbawUotv5kcR0GJTddHY-hY,4.1,2171,2.0,http://www.congres-maillot.com/,17,av. de la grande armée
le poncelet,"83 av. de wagram, 75017 paris, france",ChIJ8cewpZVv5kcRmRE_LdqRKfY,4.3,622,2.0,https://leponcelet.fr/,17,av. de wagram
aux dés calés 17,"181 rue legendre, 75017 paris, france",ChIJc2wBoVRu5kcRlPUnIqUyrCw,4.5,1230,2.0,http://www.auxdescales17.fr/,17,rue legendre
le st cyr,"147 av. de villiers, 75017 paris, france",ChIJN42EMJBv5kcRGwMx64c1zy4,4.3,714,2.0,https://www.le-st-cyr.fr/,17,av. de villiers
les demoiselles restaurant paris 17,"23 rue léon jost, 75017 paris, france",ChIJP1mKHr5v5kcRuQ5dR4pjJEs,4.5,1088,2.0,http://lesdemoiselles.fr/,17,rue léon jost
le dôme villiers - paris,"4 av. de villiers, 75017 paris, france",ChIJDz4kiAVv5kcRP3sU-wLlmoU,4.3,3707,3.0,http://www.ledomevilliers-paris.com/,17,av. de villiers
café lateral,"4 av. mac-mahon, 75017 paris, france",ChIJlwwDkOxv5kcRbaSJSKYoEgs,4.2,1549,3.0,https://cafelateral.com/fr,17,av. mac-mahon
angelus,"4 pl. de la prte de champerret, 75017 paris, france",ChIJoyPSvAlv5kcRvCg1oFIq_1s,4.1,455,,http://angelus-paris.fr/fr,17,pl. de la prte de champerret
l'endroit,"67 place du dr félix lobligeois, 75017 paris, france",ChIJL05E5bFv5kcRmjyrcmqYNig,4.4,1615,2.0,https://lendroit-batignolles.fr/,17,place du dr félix lobligeois
le ballon des ternes,"103 av. des ternes, 75017 paris, france",ChIJu8ChRpNv5kcRU-XUciQ57P4,3.9,532,2.0,https://www.restaurantsparisiens.com/le-ballon-des-ternes/,17,av. des ternes
bistrot môm,"4-6 rue pierre demours, 75017 paris, france",ChIJAUeN9ZJv5kcR-oNIMK-dZC8,4.2,792,2.0,http://www.momrestaurant.fr/,17,rue pierre demours
brasserie barbès,"2 bd barbès, 75018 paris, france",ChIJ4f7h_mhu5kcRtb3IkgcT7pU,4.4,5757,2.0,http://brasseriebarbes.com/,18,bd barbès
bouillon pigalle,"22 bd de clichy, 75018 paris, france",ChIJVb7Sx0Vu5kcR5gDcYjssPWw,4.6,36872,1.0,https://bouillonlesite.com/bouillon-pigalle,18,bd de clichy
cafe francoeur,"129 rue caulaincourt, 75018 paris, france",ChIJT7f3blxu5kcRjiC5XDzFLas,4.4,1503,2.0,http://module.lafourchette.com/fr_FR/module/711293-85968,18,rue caulaincourt
l'atelier ramey,"23 rue ramey, 75018 paris, france",ChIJiSdPY11u5kcRy-YrNzR2Ok4,4.8,1156,2.0,http://www.atelier-ramey.com/,18,rue ramey
au relais,"48 rue lamarck, 75018 paris, france",ChIJP4peY1xu5kcRnN70piFF7ms,4.5,1010,2.0,https://aurelais.fr/,18,rue lamarck
bistro l'olivier,"88 rue ordener, 75018 paris, france",ChIJrf5fwF5u5kcRIsOwUSxNsWk,4.8,1311,2.0,https://www.lolivierparis.fr/,18,rue ordener
le jules jo - paris 18,"28 rue hermel, 75018 paris, france",ChIJn_VTZF5u5kcRd5FwoPb19xE,4.4,1362,2.0,https://www.julesjo.com/,18,rue hermel
le café de la poste,"76 rue damrémont, 75018 paris, france",ChIJ5XgyS1du5kcR4bQYPBtIfG0,4.4,968,2.0,http://www.cafelaposte.fr/,18,rue damrémont
brasserie bellanger,"140 rue du faubourg poissonnière, 75010 paris, france",ChIJLzkwDG5v5kcR4iljevWUw_M,4.7,4055,2.0,https://nouvellegardegroupe.fr/,10,rue du faubourg poissonnière
la bohème du tertre,"2 pl. du tertre, 75018 paris, france",ChIJIYwfskRu5kcRw-RHkaHmdtM,3.5,1662,3.0,https://labohememontmartre.fr/,18,pl. du tertre
la bohème montmartre,"2 pl. du tertre, 75018 paris, france",ChIJzw9_Vltu5kcRA-eWn_V2xAY,4.0,187,,http://www.labohememontmartre.fr/,18,pl. du tertre
le sancerre,"35 rue des abbesses, 75018 paris, france",ChIJ61KrbEVu5kcRNtFbrBic-IM,4.0,2010,2.0,http://lesancerreparis.com/,18,rue des abbesses
bistrot chez soi,"140 av. de saint-ouen, 75018 paris, france",ChIJFwIUZaJv5kcRRHeiDJU2q-8,4.7,294,2.0,http://www.bistrot-chez-soi.fr/,18,av. de saint-ouen
le sanglier bleu,"102 bd de clichy, 75018 paris, france",ChIJn7wNYE5u5kcR0DlewcPHvrw,4.7,1278,2.0,http://www.lesanglierbleu.com/,18,bd de clichy
aux dés calés 18 - moreau,"11 rue hégésippe-moreau, 75018 paris, france",ChIJ47yYyM9v5kcRudbc7cNLWf0,4.6,388,2.0,http://auxdescales18.fr/,18,rue hégésippe-moreau
brasserie les buttes chaumont,"38 av. simon bolivar, 75019 paris, france",ChIJq6oOf8Jt5kcRdlWz18lTG8k,4.3,321,2.0,https://www.instagram.com/lesbutteschaumont/,19,av. simon bolivar
le napoléon iii,"1 pl. armand carrel, 75019 paris, france",ChIJY1QRwsRt5kcRzv52lZ_m00o,4.0,709,2.0,http://napoleon-3.com/privatisation/,19,pl. armand carrel
la forge,"26 av. mathurin moreau, 75019 paris, france",ChIJeQOQYt5t5kcRdED9MgfQekU,4.7,1024,2.0,https://laforge-paris.fr/fr,19,av. mathurin moreau
côté canal,"5 quai de la seine, 75019 paris, france",ChIJ6axZcdht5kcRmyv03e5bHGs,4.4,544,1.0,http://cote-canal-paris.fr/,19,quai de la seine
les bancs publics,"2 rue de nantes, 75019 paris, france",ChIJd0bF1M1t5kcRh_G6Uho2coA,4.5,1534,2.0,https://les-bancs-publics-restaurant-paris.eatbu.com/,19,rue de nantes
les frères laumière,"3 av. de laumière, 75019 paris, france",ChIJcbkLwwVt5kcRxJtPpiZmdS8,4.7,548,2.0,https://lesfrereslaumiere.fr/,19,av. de laumière
brasserie de l'être,"7 ter rue duvergier, 75019 paris, france",ChIJrbcPFtFt5kcR-bsAvG-KVtQ,5.0,51,,https://brasseriedeletre.paris/,19,ter rue duvergier
le pavillon du lac,"rue manin, 75019 paris, france",ChIJ3em1p8Rt5kcRoSVL-kuqADw,4.1,1364,2.0,http://www.facebook.com/lepavillondulacbutteschaumont?utm_source=gmb,19,manin
le pavillon des canaux,"39 quai de la loire, 75019 paris, france",ChIJ5YzMRNBt5kcRube978t86bo,4.3,3365,2.0,http://www.pavillondescanaux.com/,19,quai de la loire
brasserie chez félix,"4 av. corentin cariou, 75019 paris, france",ChIJFeLJQM1t5kcRGqN6zk8dpZc,4.1,141,,https://brasseriefenix.metro.rest/,19,av. corentin cariou
le bastringue,"67 quai de la seine, 75019 paris, france",ChIJ34Lr49Bt5kcRC4KK7QvBZ5A,4.4,1923,2.0,https://le-bastringue.eatbu.com/?lang=fr,19,quai de la seine
au comptoir du temps,"35 av. corentin cariou, 75019 paris, france",ChIJKXr6GzNs5kcRgsbEKogs7kU,4.6,1142,2.0,https://wiicmenu-qrcode.com/app/restaurantWebSite.html?resto=190,19,av. corentin cariou
aux arts et sciences réunis,"161 av. jean jaurès, 75019 paris, france",ChIJrQ_1zsht5kcRcXZBnpWXGkw,4.3,579,2.0,https://www.aux-arts-et-aux-sciences.com/,19,av. jean jaurès
chantefable,"93 av. gambetta, 75020 paris, france",ChIJZegKR5Bt5kcR0ordhe_JIxI,4.4,1279,2.0,http://chantefable.fr/,20,av. gambetta
le refuge,"107 rue de ménilmontant, 75020 paris, france",ChIJx2newq1t5kcRDTc8VWHp1cY,4.7,172,,https://linktr.ee/lerefugedemenilmontant,20,rue de ménilmontant
brasserie des regards,"28 rue de l'ermitage, 75020 paris, france",ChIJYR8Q-rNt5kcR1NZ3RgLwGeo,5.0,22,,https://www.brasseriedesregards.fr/,20,rue de l'ermitage
le lagny,"25 bd davout, 75020 paris, france",ChIJjc3j9n1y5kcRKsGXeLTryWY,4.6,244,1.0,https://lelagny.fr/fr,20,bd davout
bistrot père,"10 av. du père lachaise, 75020 paris, france",ChIJ0YjjfUFt5kcRnfoK7ol-BsY,4.6,190,,https://instagram.com/bistrotpere,20,av. du père lachaise
café le papillon,"144 rue de bagnolet, 75020 paris, france",ChIJDXk7b4Rt5kcRIYzJLmKCrIU,4.6,1250,2.0,http://www.cafelepapillon.com/,20,rue de bagnolet
restaurant la colline,"10 rue pixérécourt, 75020 paris, france",ChIJo8qL85Vt5kcR_kORfYWZ0JM,4.7,541,,https://www.restaurantlacolline.fr/,20,rue pixérécourt
bistrot du métro,"10 pl. gambetta, 75020 paris, france",ChIJQwmj1ZFt5kcR2F9oG149hPg,3.9,597,2.0,https://bistrotdumetro.fr/fr,20,pl. gambetta
les mondes bohèmes - restaurant paris 20,"31 rue des vignoles, 75020 paris, france",ChIJF61Ck3dy5kcRsk9pykWY6zI,4.3,1190,2.0,https://www.mondesbohemes.com/,20,rue des vignoles
le clairon,"328 rue de belleville, 75020 paris, france",ChIJJ09CRaJt5kcRiQaeOZJfM9k,4.4,423,1.0,http://leclairon.free.fr/,20,rue de belleville
aux ours,"236 rue des pyrénées, 75020 paris, france",ChIJscNxg5Ft5kcR2Nms9Ss5eAg,4.0,1140,1.0,https://www.auxours.com/,20,rue des pyrénées
le zéphyr 20ème,"1 rue du jourdain, 75020 paris, france",ChIJ8ywV6upt5kcR0UMxU4q1GQ4,4.1,762,2.0,https://le-zephyr.fr/fr,20,rue du jourdain
ploc,"17 rue saint-blaise 15, 75020 paris, france",ChIJWzehlJdt5kcRiOrg9TDk9o4,4.7,106,,https://www.instagram.com/bistroploc?igsh=MW13anJ5ZWxzM2g3bw==,20,rue saint-blaise 15
le mistral,"401 rue des pyrénées, 75020 paris, france",ChIJF2O_JOpt5kcR5aO3RohbO08,4.3,479,2.0,http://le-mistral.lafourchette.rest/,20,rue des pyrénées
vieux belleville,"12 rue des envierges, 75020 paris, france",ChIJpXvr6utt5kcRbVJMCgSKy_Y,4.6,540,2.0,https://www.le-vieux-belleville.com/,20,rue des envierges
l'entracte,"21 rue malte brun, 75020 paris, france",ChIJKcjnGI5t5kcR9yppM4u8bhA,4.6,439,2.0,http://www.lentractebistrot.fr/,20,rue malte brun
